#PMT custom dark rate table.
#==================================================================================================
#PMTId darkrate [Hz]
#==================================================================================================

#DATASTART
0 10000
1 10000
2 10000
3 10000
4 10000
5 10000
6 10000
7 10000
8 10000
9 10000
10 10000
11 10000
12 10000
13 10000
14 10000
15 10000
16 10000
17 10000
18 10000
19 10000
20 10000
21 10000
22 10000
23 10000
24 10000
25 10000
26 10000
27 10000
28 10000
29 10000
30 10000
31 10000
32 10000
33 10000
34 10000
35 10000
36 10000
37 10000
38 10000
39 10000
40 10000
41 10000
42 10000
43 10000
44 10000
45 10000
46 10000
47 10000
48 10000
49 10000
50 10000
51 10000
52 10000
53 10000
54 10000
55 10000
56 10000
57 10000
58 10000
59 10000
60 10000
61 10000
62 10000
63 10000
64 10000
65 10000
66 10000
67 10000
68 10000
69 10000
70 10000
71 10000
72 10000
73 10000
74 10000
75 10000
76 10000
77 10000
78 10000
79 10000
80 10000
81 10000
82 10000
83 10000
84 10000
85 10000
86 10000
87 10000
88 10000
89 10000
90 10000
91 10000
92 10000
93 10000
94 10000
95 10000
96 10000
97 10000
98 10000
99 10000
100 10000
101 10000
102 10000
103 10000
104 10000
105 10000
106 10000
107 10000
108 10000
109 10000
110 10000
111 10000
112 10000
113 10000
114 10000
115 10000
116 10000
117 10000
118 10000
119 10000
120 10000
121 10000
122 10000
123 10000
124 10000
125 10000
126 10000
127 10000
128 10000
129 10000
130 10000
131 10000
132 10000
133 10000
134 10000
135 10000
136 10000
137 10000
138 10000
139 10000
140 10000
141 10000
142 10000
143 10000
144 10000
145 10000
146 10000
147 10000
148 10000
149 10000
150 10000
151 10000
152 10000
153 10000
154 10000
155 10000
156 10000
157 10000
158 10000
159 10000
160 10000
161 10000
162 10000
163 10000
164 10000
165 10000
166 10000
167 10000
168 10000
169 10000
170 10000
171 10000
172 10000
173 10000
174 10000
175 10000
176 10000
177 10000
178 10000
179 10000
180 10000
181 10000
182 10000
183 10000
184 10000
185 10000
186 10000
187 10000
188 10000
189 10000
190 10000
191 10000
192 10000
193 10000
194 10000
195 10000
196 10000
197 10000
198 10000
199 10000
200 10000
201 10000
202 10000
203 10000
204 10000
205 10000
206 10000
207 10000
208 10000
209 10000
210 10000
211 10000
212 10000
213 10000
214 10000
215 10000
216 10000
217 10000
218 10000
219 10000
220 10000
221 10000
222 10000
223 10000
224 10000
225 10000
226 10000
227 10000
228 10000
229 10000
230 10000
231 10000
232 10000
233 10000
234 10000
235 10000
236 10000
237 10000
238 10000
239 10000
240 10000
241 10000
242 10000
243 10000
244 10000
245 10000
246 10000
247 10000
248 10000
249 10000
250 10000
251 10000
252 10000
253 10000
254 10000
255 10000
256 10000
257 10000
258 10000
259 10000
260 10000
261 10000
262 10000
263 10000
264 10000
265 10000
266 10000
267 10000
268 10000
269 10000
270 10000
271 10000
272 10000
273 10000
274 10000
275 10000
276 10000
277 10000
278 10000
279 10000
280 10000
281 10000
282 10000
283 10000
284 10000
285 10000
286 10000
287 10000
288 10000
289 10000
290 10000
291 10000
292 10000
293 10000
294 10000
295 10000
296 10000
297 10000
298 10000
299 10000
300 10000
301 10000
302 10000
303 10000
304 10000
305 10000
306 10000
307 10000
308 10000
309 10000
310 10000
311 10000
312 10000
313 10000
314 10000
315 10000
316 10000
317 10000
318 10000
319 10000
320 10000
321 10000
322 10000
323 10000
324 10000
325 10000
326 10000
327 10000
328 10000
329 10000
330 10000
331 10000
332 10000
333 10000
334 10000
335 10000
336 10000
337 10000
338 10000
339 10000
340 10000
341 10000
342 10000
343 10000
344 10000
345 10000
346 10000
347 10000
348 10000
349 10000
350 10000
351 10000
352 10000
353 10000
354 10000
355 10000
356 10000
357 10000
358 10000
359 10000
360 10000
361 10000
362 10000
363 10000
364 10000
365 10000
366 10000
367 10000
368 10000
369 10000
370 10000
371 10000
372 10000
373 10000
374 10000
375 10000
376 10000
377 10000
378 10000
379 10000
380 10000
381 10000
382 10000
383 10000
384 10000
385 10000
386 10000
387 10000
388 10000
389 10000
390 10000
391 10000
392 10000
393 10000
394 10000
395 10000
396 10000
397 10000
398 10000
399 10000
400 10000
401 10000
402 10000
403 10000
404 10000
405 10000
406 10000
407 10000
408 10000
409 10000
410 10000
411 10000
412 10000
413 10000
414 10000
415 10000
416 10000
417 10000
418 10000
419 10000
420 10000
421 10000
422 10000
423 10000
424 10000
425 10000
426 10000
427 10000
428 10000
429 10000
430 10000
431 10000
432 10000
433 10000
434 10000
435 10000
436 10000
437 10000
438 10000
439 10000
440 10000
441 10000
442 10000
443 10000
444 10000
445 10000
446 10000
447 10000
448 10000
449 10000
450 10000
451 10000
452 10000
453 10000
454 10000
455 10000
456 10000
457 10000
458 10000
459 10000
460 10000
461 10000
462 10000
463 10000
464 10000
465 10000
466 10000
467 10000
468 10000
469 10000
470 10000
471 10000
472 10000
473 10000
474 10000
475 10000
476 10000
477 10000
478 10000
479 10000
480 10000
481 10000
482 10000
483 10000
484 10000
485 10000
486 10000
487 10000
488 10000
489 10000
490 10000
491 10000
492 10000
493 10000
494 10000
495 10000
496 10000
497 10000
498 10000
499 10000
500 10000
501 10000
502 10000
503 10000
504 10000
505 10000
506 10000
507 10000
508 10000
509 10000
510 10000
511 10000
512 10000
513 10000
514 10000
515 10000
516 10000
517 10000
518 10000
519 10000
520 10000
521 10000
522 10000
523 10000
524 10000
525 10000
526 10000
527 10000
528 10000
529 10000
530 10000
531 10000
532 10000
533 10000
534 10000
535 10000
536 10000
537 10000
538 10000
539 10000
540 10000
541 10000
542 10000
543 10000
544 10000
545 10000
546 10000
547 10000
548 10000
549 10000
550 10000
551 10000
552 10000
553 10000
554 10000
555 10000
556 10000
557 10000
558 10000
559 10000
560 10000
561 10000
562 10000
563 10000
564 10000
565 10000
566 10000
567 10000
568 10000
569 10000
570 10000
571 10000
572 10000
573 10000
574 10000
575 10000
576 10000
577 10000
578 10000
579 10000
580 10000
581 10000
582 10000
583 10000
584 10000
585 10000
586 10000
587 10000
588 10000
589 10000
590 10000
591 10000
592 10000
593 10000
594 10000
595 10000
596 10000
597 10000
598 10000
599 10000
600 10000
601 10000
602 10000
603 10000
604 10000
605 10000
606 10000
607 10000
608 10000
609 10000
610 10000
611 10000
612 10000
613 10000
614 10000
615 10000
616 10000
617 10000
618 10000
619 10000
620 10000
621 10000
622 10000
623 10000
624 10000
625 10000
626 10000
627 10000
628 10000
629 10000
630 10000
631 10000
632 10000
633 10000
634 10000
635 10000
636 10000
637 10000
638 10000
639 10000
640 10000
641 10000
642 10000
643 10000
644 10000
645 10000
646 10000
647 10000
648 10000
649 10000
650 10000
651 10000
652 10000
653 10000
654 10000
655 10000
656 10000
657 10000
658 10000
659 10000
660 10000
661 10000
662 10000
663 10000
664 10000
665 10000
666 10000
667 10000
668 10000
669 10000
670 10000
671 10000
672 10000
673 10000
674 10000
675 10000
676 10000
677 10000
678 10000
679 10000
680 10000
681 10000
682 10000
683 10000
684 10000
685 10000
686 10000
687 10000
688 10000
689 10000
690 10000
691 10000
692 10000
693 10000
694 10000
695 10000
696 10000
697 10000
698 10000
699 10000
700 10000
701 10000
702 10000
703 10000
704 10000
705 10000
706 10000
707 10000
708 10000
709 10000
710 10000
711 10000
712 10000
713 10000
714 10000
715 10000
716 10000
717 10000
718 10000
719 10000
720 10000
721 10000
722 10000
723 10000
724 10000
725 10000
726 10000
727 10000
728 10000
729 10000
730 10000
731 10000
732 10000
733 10000
734 10000
735 10000
736 10000
737 10000
738 10000
739 10000
740 10000
741 10000
742 10000
743 10000
744 10000
745 10000
746 10000
747 10000
748 10000
749 10000
750 10000
751 10000
752 10000
753 10000
754 10000
755 10000
756 10000
757 10000
758 10000
759 10000
760 10000
761 10000
762 10000
763 10000
764 10000
765 10000
766 10000
767 10000
768 10000
769 10000
770 10000
771 10000
772 10000
773 10000
774 10000
775 10000
776 10000
777 10000
778 10000
779 10000
780 10000
781 10000
782 10000
783 10000
784 10000
785 10000
786 10000
787 10000
788 10000
789 10000
790 10000
791 10000
792 10000
793 10000
794 10000
795 10000
796 10000
797 10000
798 10000
799 10000
800 10000
801 10000
802 10000
803 10000
804 10000
805 10000
806 10000
807 10000
808 10000
809 10000
810 10000
811 10000
812 10000
813 10000
814 10000
815 10000
816 10000
817 10000
818 10000
819 10000
820 10000
821 10000
822 10000
823 10000
824 10000
825 10000
826 10000
827 10000
828 10000
829 10000
830 10000
831 10000
832 10000
833 10000
834 10000
835 10000
836 10000
837 10000
838 10000
839 10000
840 10000
841 10000
842 10000
843 10000
844 10000
845 10000
846 10000
847 10000
848 10000
849 10000
850 10000
851 10000
852 10000
853 10000
854 10000
855 10000
856 10000
857 10000
858 10000
859 10000
860 10000
861 10000
862 10000
863 10000
864 10000
865 10000
866 10000
867 10000
868 10000
869 10000
870 10000
871 10000
872 10000
873 10000
874 10000
875 10000
876 10000
877 10000
878 10000
879 10000
880 10000
881 10000
882 10000
883 10000
884 10000
885 10000
886 10000
887 10000
888 10000
889 10000
890 10000
891 10000
892 10000
893 10000
894 10000
895 10000
896 10000
897 10000
898 10000
899 10000
900 10000
901 10000
902 10000
903 10000
904 10000
905 10000
906 10000
907 10000
908 10000
909 10000
910 10000
911 10000
912 10000
913 10000
914 10000
915 10000
916 10000
917 10000
918 10000
919 10000
920 10000
921 10000
922 10000
923 10000
924 10000
925 10000
926 10000
927 10000
928 10000
929 10000
930 10000
931 10000
932 10000
933 10000
934 10000
935 10000
936 10000
937 10000
938 10000
939 10000
940 10000
941 10000
942 10000
943 10000
944 10000
945 10000
946 10000
947 10000
948 10000
949 10000
950 10000
951 10000
952 10000
953 10000
954 10000
955 10000
956 10000
957 10000
958 10000
959 10000
960 10000
961 10000
962 10000
963 10000
964 10000
965 10000
966 10000
967 10000
968 10000
969 10000
970 10000
971 10000
972 10000
973 10000
974 10000
975 10000
976 10000
977 10000
978 10000
979 10000
980 10000
981 10000
982 10000
983 10000
984 10000
985 10000
986 10000
987 10000
988 10000
989 10000
990 10000
991 10000
992 10000
993 10000
994 10000
995 10000
996 10000
997 10000
998 10000
999 10000
1000 10000
1001 10000
1002 10000
1003 10000
1004 10000
1005 10000
1006 10000
1007 10000
1008 10000
1009 10000
1010 10000
1011 10000
1012 10000
1013 10000
1014 10000
1015 10000
1016 10000
1017 10000
1018 10000
1019 10000
1020 10000
1021 10000
1022 10000
1023 10000
1024 10000
1025 10000
1026 10000
1027 10000
1028 10000
1029 10000
1030 10000
1031 10000
1032 10000
1033 10000
1034 10000
1035 10000
1036 10000
1037 10000
1038 10000
1039 10000
1040 10000
1041 10000
1042 10000
1043 10000
1044 10000
1045 10000
1046 10000
1047 10000
1048 10000
1049 10000
1050 10000
1051 10000
1052 10000
1053 10000
1054 10000
1055 10000
1056 10000
1057 10000
1058 10000
1059 10000
1060 10000
1061 10000
1062 10000
1063 10000
1064 10000
1065 10000
1066 10000
1067 10000
1068 10000
1069 10000
1070 10000
1071 10000
1072 10000
1073 10000
1074 10000
1075 10000
1076 10000
1077 10000
1078 10000
1079 10000
1080 10000
1081 10000
1082 10000
1083 10000
1084 10000
1085 10000
1086 10000
1087 10000
1088 10000
1089 10000
1090 10000
1091 10000
1092 10000
1093 10000
1094 10000
1095 10000
1096 10000
1097 10000
1098 10000
1099 10000
1100 10000
1101 10000
1102 10000
1103 10000
1104 10000
1105 10000
1106 10000
1107 10000
1108 10000
1109 10000
1110 10000
1111 10000
1112 10000
1113 10000
1114 10000
1115 10000
1116 10000
1117 10000
1118 10000
1119 10000
1120 10000
1121 10000
1122 10000
1123 10000
1124 10000
1125 10000
1126 10000
1127 10000
1128 10000
1129 10000
1130 10000
1131 10000
1132 10000
1133 10000
1134 10000
1135 10000
1136 10000
1137 10000
1138 10000
1139 10000
1140 10000
1141 10000
1142 10000
1143 10000
1144 10000
1145 10000
1146 10000
1147 10000
1148 10000
1149 10000
1150 10000
1151 10000
1152 10000
1153 10000
1154 10000
1155 10000
1156 10000
1157 10000
1158 10000
1159 10000
1160 10000
1161 10000
1162 10000
1163 10000
1164 10000
1165 10000
1166 10000
1167 10000
1168 10000
1169 10000
1170 10000
1171 10000
1172 10000
1173 10000
1174 10000
1175 10000
1176 10000
1177 10000
1178 10000
1179 10000
1180 10000
1181 10000
1182 10000
1183 10000
1184 10000
1185 10000
1186 10000
1187 10000
1188 10000
1189 10000
1190 10000
1191 10000
1192 10000
1193 10000
1194 10000
1195 10000
1196 10000
1197 10000
1198 10000
1199 10000
1200 10000
1201 10000
1202 10000
1203 10000
1204 10000
1205 10000
1206 10000
1207 10000
1208 10000
1209 10000
1210 10000
1211 10000
1212 10000
1213 10000
1214 10000
1215 10000
1216 10000
1217 10000
1218 10000
1219 10000
1220 10000
1221 10000
1222 10000
1223 10000
1224 10000
1225 10000
1226 10000
1227 10000
1228 10000
1229 10000
1230 10000
1231 10000
1232 10000
1233 10000
1234 10000
1235 10000
1236 10000
1237 10000
1238 10000
1239 10000
1240 10000
1241 10000
1242 10000
1243 10000
1244 10000
1245 10000
1246 10000
1247 10000
1248 10000
1249 10000
1250 10000
1251 10000
1252 10000
1253 10000
1254 10000
1255 10000
1256 10000
1257 10000
1258 10000
1259 10000
1260 10000
1261 10000
1262 10000
1263 10000
1264 10000
1265 10000
1266 10000
1267 10000
1268 10000
1269 10000
1270 10000
1271 10000
1272 10000
1273 10000
1274 10000
1275 10000
1276 10000
1277 10000
1278 10000
1279 10000
1280 10000
1281 10000
1282 10000
1283 10000
1284 10000
1285 10000
1286 10000
1287 10000
1288 10000
1289 10000
1290 10000
1291 10000
1292 10000
1293 10000
1294 10000
1295 10000
1296 10000
1297 10000
1298 10000
1299 10000
1300 10000
1301 10000
1302 10000
1303 10000
1304 10000
1305 10000
1306 10000
1307 10000
1308 10000
1309 10000
1310 10000
1311 10000
1312 10000
1313 10000
1314 10000
1315 10000
1316 10000
1317 10000
1318 10000
1319 10000
1320 10000
1321 10000
1322 10000
1323 10000
1324 10000
1325 10000
1326 10000
1327 10000
1328 10000
1329 10000
1330 10000
1331 10000
1332 10000
1333 10000
1334 10000
1335 10000
1336 10000
1337 10000
1338 10000
1339 10000
1340 10000
1341 10000
1342 10000
1343 10000
1344 10000
1345 10000
1346 10000
1347 10000
1348 10000
1349 10000
1350 10000
1351 10000
1352 10000
1353 10000
1354 10000
1355 10000
1356 10000
1357 10000
1358 10000
1359 10000
1360 10000
1361 10000
1362 10000
1363 10000
1364 10000
1365 10000
1366 10000
1367 10000
1368 10000
1369 10000
1370 10000
1371 10000
1372 10000
1373 10000
1374 10000
1375 10000
1376 10000
1377 10000
1378 10000
1379 10000
1380 10000
1381 10000
1382 10000
1383 10000
1384 10000
1385 10000
1386 10000
1387 10000
1388 10000
1389 10000
1390 10000
1391 10000
1392 10000
1393 10000
1394 10000
1395 10000
1396 10000
1397 10000
1398 10000
1399 10000
1400 10000
1401 10000
1402 10000
1403 10000
1404 10000
1405 10000
1406 10000
1407 10000
1408 10000
1409 10000
1410 10000
1411 10000
1412 10000
1413 10000
1414 10000
1415 10000
1416 10000
1417 10000
1418 10000
1419 10000
1420 10000
1421 10000
1422 10000
1423 10000
1424 10000
1425 10000
1426 10000
1427 10000
1428 10000
1429 10000
1430 10000
1431 10000
1432 10000
1433 10000
1434 10000
1435 10000
1436 10000
1437 10000
1438 10000
1439 10000
1440 10000
1441 10000
1442 10000
1443 10000
1444 10000
1445 10000
1446 10000
1447 10000
1448 10000
1449 10000
1450 10000
1451 10000
1452 10000
1453 10000
1454 10000
1455 10000
1456 10000
1457 10000
1458 10000
1459 10000
1460 10000
1461 10000
1462 10000
1463 10000
1464 10000
1465 10000
1466 10000
1467 10000
1468 10000
1469 10000
1470 10000
1471 10000
1472 10000
1473 10000
1474 10000
1475 10000
1476 10000
1477 10000
1478 10000
1479 10000
1480 10000
1481 10000
1482 10000
1483 10000
1484 10000
1485 10000
1486 10000
1487 10000
1488 10000
1489 10000
1490 10000
1491 10000
1492 10000
1493 10000
1494 10000
1495 10000
1496 10000
1497 10000
1498 10000
1499 10000
1500 10000
1501 10000
1502 10000
1503 10000
1504 10000
1505 10000
1506 10000
1507 10000
1508 10000
1509 10000
1510 10000
1511 10000
1512 10000
1513 10000
1514 10000
1515 10000
1516 10000
1517 10000
1518 10000
1519 10000
1520 10000
1521 10000
1522 10000
1523 10000
1524 10000
1525 10000
1526 10000
1527 10000
1528 10000
1529 10000
1530 10000
1531 10000
1532 10000
1533 10000
1534 10000
1535 10000
1536 10000
1537 10000
1538 10000
1539 10000
1540 10000
1541 10000
1542 10000
1543 10000
1544 10000
1545 10000
1546 10000
1547 10000
1548 10000
1549 10000
1550 10000
1551 10000
1552 10000
1553 10000
1554 10000
1555 10000
1556 10000
1557 10000
1558 10000
1559 10000
1560 10000
1561 10000
1562 10000
1563 10000
1564 10000
1565 10000
1566 10000
1567 10000
1568 10000
1569 10000
1570 10000
1571 10000
1572 10000
1573 10000
1574 10000
1575 10000
1576 10000
1577 10000
1578 10000
1579 10000
1580 10000
1581 10000
1582 10000
1583 10000
1584 10000
1585 10000
1586 10000
1587 10000
1588 10000
1589 10000
1590 10000
1591 10000
1592 10000
1593 10000
1594 10000
1595 10000
1596 10000
1597 10000
1598 10000
1599 10000
1600 10000
1601 10000
1602 10000
1603 10000
1604 10000
1605 10000
1606 10000
1607 10000
1608 10000
1609 10000
1610 10000
1611 10000
1612 10000
1613 10000
1614 10000
1615 10000
1616 10000
1617 10000
1618 10000
1619 10000
1620 10000
1621 10000
1622 10000
1623 10000
1624 10000
1625 10000
1626 10000
1627 10000
1628 10000
1629 10000
1630 10000
1631 10000
1632 10000
1633 10000
1634 10000
1635 10000
1636 10000
1637 10000
1638 10000
1639 10000
1640 10000
1641 10000
1642 10000
1643 10000
1644 10000
1645 10000
1646 10000
1647 10000
1648 10000
1649 10000
1650 10000
1651 10000
1652 10000
1653 10000
1654 10000
1655 10000
1656 10000
1657 10000
1658 10000
1659 10000
1660 10000
1661 10000
1662 10000
1663 10000
1664 10000
1665 10000
1666 10000
1667 10000
1668 10000
1669 10000
1670 10000
1671 10000
1672 10000
1673 10000
1674 10000
1675 10000
1676 10000
1677 10000
1678 10000
1679 10000
1680 10000
1681 10000
1682 10000
1683 10000
1684 10000
1685 10000
1686 10000
1687 10000
1688 10000
1689 10000
1690 10000
1691 10000
1692 10000
1693 10000
1694 10000
1695 10000
1696 10000
1697 10000
1698 10000
1699 10000
1700 10000
1701 10000
1702 10000
1703 10000
1704 10000
1705 10000
1706 10000
1707 10000
1708 10000
1709 10000
1710 10000
1711 10000
1712 10000
1713 10000
1714 10000
1715 10000
1716 10000
1717 10000
1718 10000
1719 10000
1720 10000
1721 10000
1722 10000
1723 10000
1724 10000
1725 10000
1726 10000
1727 10000
1728 10000
1729 10000
1730 10000
1731 10000
1732 10000
1733 10000
1734 10000
1735 10000
1736 10000
1737 10000
1738 10000
1739 10000
1740 10000
1741 10000
1742 10000
1743 10000
1744 10000
1745 10000
1746 10000
1747 10000
1748 10000
1749 10000
1750 10000
1751 10000
1752 10000
1753 10000
1754 10000
1755 10000
1756 10000
1757 10000
1758 10000
1759 10000
1760 10000
1761 10000
1762 10000
1763 10000
1764 10000
1765 10000
1766 10000
1767 10000
1768 10000
1769 10000
1770 10000
1771 10000
1772 10000
1773 10000
1774 10000
1775 10000
1776 10000
1777 10000
1778 10000
1779 10000
1780 10000
1781 10000
1782 10000
1783 10000
1784 10000
1785 10000
1786 10000
1787 10000
1788 10000
1789 10000
1790 10000
1791 10000
1792 10000
1793 10000
1794 10000
1795 10000
1796 10000
1797 10000
1798 10000
1799 10000
1800 10000
1801 10000
1802 10000
1803 10000
1804 10000
1805 10000
1806 10000
1807 10000
1808 10000
1809 10000
1810 10000
1811 10000
1812 10000
1813 10000
1814 10000
1815 10000
1816 10000
1817 10000
1818 10000
1819 10000
1820 10000
1821 10000
1822 10000
1823 10000
1824 10000
1825 10000
1826 10000
1827 10000
1828 10000
1829 10000
1830 10000
1831 10000
1832 10000
1833 10000
1834 10000
1835 10000
1836 10000
1837 10000
1838 10000
1839 10000
1840 10000
1841 10000
1842 10000
1843 10000
1844 10000
1845 10000
1846 10000
1847 10000
1848 10000
1849 10000
1850 10000
1851 10000
1852 10000
1853 10000
1854 10000
1855 10000
1856 10000
1857 10000
1858 10000
1859 10000
1860 10000
1861 10000
1862 10000
1863 10000
1864 10000
1865 10000
1866 10000
1867 10000
1868 10000
1869 10000
1870 10000
1871 10000
1872 10000
1873 10000
1874 10000
1875 10000
1876 10000
1877 10000
1878 10000
1879 10000
1880 10000
1881 10000
1882 10000
1883 10000
1884 10000
1885 10000
1886 10000
1887 10000
1888 10000
1889 10000
1890 10000
1891 10000
1892 10000
1893 10000
1894 10000
1895 10000
1896 10000
1897 10000
1898 10000
1899 10000
1900 10000
1901 10000
1902 10000
1903 10000
1904 10000
1905 10000
1906 10000
1907 10000
1908 10000
1909 10000
1910 10000
1911 10000
1912 10000
1913 10000
1914 10000
1915 10000
1916 10000
1917 10000
1918 10000
1919 10000
1920 10000
1921 10000
1922 10000
1923 10000
1924 10000
1925 10000
1926 10000
1927 10000
1928 10000
1929 10000
1930 10000
1931 10000
1932 10000
1933 10000
1934 10000
1935 10000
1936 10000
1937 10000
1938 10000
1939 10000
1940 10000
1941 10000
1942 10000
1943 10000
1944 10000
1945 10000
1946 10000
1947 10000
1948 10000
1949 10000
1950 10000
1951 10000
1952 10000
1953 10000
1954 10000
1955 10000
1956 10000
1957 10000
1958 10000
1959 10000
1960 10000
1961 10000
1962 10000
1963 10000
1964 10000
1965 10000
1966 10000
1967 10000
1968 10000
1969 10000
1970 10000
1971 10000
1972 10000
1973 10000
1974 10000
1975 10000
1976 10000
1977 10000
1978 10000
1979 10000
1980 10000
1981 10000
1982 10000
1983 10000
1984 10000
1985 10000
1986 10000
1987 10000
1988 10000
1989 10000
1990 10000
1991 10000
1992 10000
1993 10000
1994 10000
1995 10000
1996 10000
1997 10000
1998 10000
1999 10000
2000 10000
2001 10000
2002 10000
2003 10000
2004 10000
2005 10000
2006 10000
2007 10000
2008 10000
2009 10000
2010 10000
2011 10000
2012 10000
2013 10000
2014 10000
2015 10000
2016 10000
2017 10000
2018 10000
2019 10000
2020 10000
2021 10000
2022 10000
2023 10000
2024 10000
2025 10000
2026 10000
2027 10000
2028 10000
2029 10000
2030 10000
2031 10000
2032 10000
2033 10000
2034 10000
2035 10000
2036 10000
2037 10000
2038 10000
2039 10000
2040 10000
2041 10000
2042 10000
2043 10000
2044 10000
2045 10000
2046 10000
2047 10000
2048 10000
2049 10000
2050 10000
2051 10000
2052 10000
2053 10000
2054 10000
2055 10000
2056 10000
2057 10000
2058 10000
2059 10000
2060 10000
2061 10000
2062 10000
2063 10000
2064 10000
2065 10000
2066 10000
2067 10000
2068 10000
2069 10000
2070 10000
2071 10000
2072 10000
2073 10000
2074 10000
2075 10000
2076 10000
2077 10000
2078 10000
2079 10000
2080 10000
2081 10000
2082 10000
2083 10000
2084 10000
2085 10000
2086 10000
2087 10000
2088 10000
2089 10000
2090 10000
2091 10000
2092 10000
2093 10000
2094 10000
2095 10000
2096 10000
2097 10000
2098 10000
2099 10000
2100 10000
2101 10000
2102 10000
2103 10000
2104 10000
2105 10000
2106 10000
2107 10000
2108 10000
2109 10000
2110 10000
2111 10000
2112 10000
2113 10000
2114 10000
2115 10000
2116 10000
2117 10000
2118 10000
2119 10000
2120 10000
2121 10000
2122 10000
2123 10000
2124 10000
2125 10000
2126 10000
2127 10000
2128 10000
2129 10000
2130 10000
2131 10000
2132 10000
2133 10000
2134 10000
2135 10000
2136 10000
2137 10000
2138 10000
2139 10000
2140 10000
2141 10000
2142 10000
2143 10000
2144 10000
2145 10000
2146 10000
2147 10000
2148 10000
2149 10000
2150 10000
2151 10000
2152 10000
2153 10000
2154 10000
2155 10000
2156 10000
2157 10000
2158 10000
2159 10000
2160 10000
2161 10000
2162 10000
2163 10000
2164 10000
2165 10000
2166 10000
2167 10000
2168 10000
2169 10000
2170 10000
2171 10000
2172 10000
2173 10000
2174 10000
2175 10000
2176 10000
2177 10000
2178 10000
2179 10000
2180 10000
2181 10000
2182 10000
2183 10000
2184 10000
2185 10000
2186 10000
2187 10000
2188 10000
2189 10000
2190 10000
2191 10000
2192 10000
2193 10000
2194 10000
2195 10000
2196 10000
2197 10000
2198 10000
2199 10000
2200 10000
2201 10000
2202 10000
2203 10000
2204 10000
2205 10000
2206 10000
2207 10000
2208 10000
2209 10000
2210 10000
2211 10000
2212 10000
2213 10000
2214 10000
2215 10000
2216 10000
2217 10000
2218 10000
2219 10000
2220 10000
2221 10000
2222 10000
2223 10000
2224 10000
2225 10000
2226 10000
2227 10000
2228 10000
2229 10000
2230 10000
2231 10000
2232 10000
2233 10000
2234 10000
2235 10000
2236 10000
2237 10000
2238 10000
2239 10000
2240 10000
2241 10000
2242 10000
2243 10000
2244 10000
2245 10000
2246 10000
2247 10000
2248 10000
2249 10000
2250 10000
2251 10000
2252 10000
2253 10000
2254 10000
2255 10000
2256 10000
2257 10000
2258 10000
2259 10000
2260 10000
2261 10000
2262 10000
2263 10000
2264 10000
2265 10000
2266 10000
2267 10000
2268 10000
2269 10000
2270 10000
2271 10000
2272 10000
2273 10000
2274 10000
2275 10000
2276 10000
2277 10000
2278 10000
2279 10000
2280 10000
2281 10000
2282 10000
2283 10000
2284 10000
2285 10000
2286 10000
2287 10000
2288 10000
2289 10000
2290 10000
2291 10000
2292 10000
2293 10000
2294 10000
2295 10000
2296 10000
2297 10000
2298 10000
2299 10000
2300 10000
2301 10000
2302 10000
2303 10000
2304 10000
2305 10000
2306 10000
2307 10000
2308 10000
2309 10000
2310 10000
2311 10000
2312 10000
2313 10000
2314 10000
2315 10000
2316 10000
2317 10000
2318 10000
2319 10000
2320 10000
2321 10000
2322 10000
2323 10000
2324 10000
2325 10000
2326 10000
2327 10000
2328 10000
2329 10000
2330 10000
2331 10000
2332 10000
2333 10000
2334 10000
2335 10000
2336 10000
2337 10000
2338 10000
2339 10000
2340 10000
2341 10000
2342 10000
2343 10000
2344 10000
2345 10000
2346 10000
2347 10000
2348 10000
2349 10000
2350 10000
2351 10000
2352 10000
2353 10000
2354 10000
2355 10000
2356 10000
2357 10000
2358 10000
2359 10000
2360 10000
2361 10000
2362 10000
2363 10000
2364 10000
2365 10000
2366 10000
2367 10000
2368 10000
2369 10000
2370 10000
2371 10000
2372 10000
2373 10000
2374 10000
2375 10000
2376 10000
2377 10000
2378 10000
2379 10000
2380 10000
2381 10000
2382 10000
2383 10000
2384 10000
2385 10000
2386 10000
2387 10000
2388 10000
2389 10000
2390 10000
2391 10000
2392 10000
2393 10000
2394 10000
2395 10000
2396 10000
2397 10000
2398 10000
2399 10000
2400 10000
2401 10000
2402 10000
2403 10000
2404 10000
2405 10000
2406 10000
2407 10000
2408 10000
2409 10000
2410 10000
2411 10000
2412 10000
2413 10000
2414 10000
2415 10000
2416 10000
2417 10000
2418 10000
2419 10000
2420 10000
2421 10000
2422 10000
2423 10000
2424 10000
2425 10000
2426 10000
2427 10000
2428 10000
2429 10000
2430 10000
2431 10000
2432 10000
2433 10000
2434 10000
2435 10000
2436 10000
2437 10000
2438 10000
2439 10000
2440 10000
2441 10000
2442 10000
2443 10000
2444 10000
2445 10000
2446 10000
2447 10000
2448 10000
2449 10000
2450 10000
2451 10000
2452 10000
2453 10000
2454 10000
2455 10000
2456 10000
2457 10000
2458 10000
2459 10000
2460 10000
2461 10000
2462 10000
2463 10000
2464 10000
2465 10000
2466 10000
2467 10000
2468 10000
2469 10000
2470 10000
2471 10000
2472 10000
2473 10000
2474 10000
2475 10000
2476 10000
2477 10000
2478 10000
2479 10000
2480 10000
2481 10000
2482 10000
2483 10000
2484 10000
2485 10000
2486 10000
2487 10000
2488 10000
2489 10000
2490 10000
2491 10000
2492 10000
2493 10000
2494 10000
2495 10000
2496 10000
2497 10000
2498 10000
2499 10000
2500 10000
2501 10000
2502 10000
2503 10000
2504 10000
2505 10000
2506 10000
2507 10000
2508 10000
2509 10000
2510 10000
2511 10000
2512 10000
2513 10000
2514 10000
2515 10000
2516 10000
2517 10000
2518 10000
2519 10000
2520 10000
2521 10000
2522 10000
2523 10000
2524 10000
2525 10000
2526 10000
2527 10000
2528 10000
2529 10000
2530 10000
2531 10000
2532 10000
2533 10000
2534 10000
2535 10000
2536 10000
2537 10000
2538 10000
2539 10000
2540 10000
2541 10000
2542 10000
2543 10000
2544 10000
2545 10000
2546 10000
2547 10000
2548 10000
2549 10000
2550 10000
2551 10000
2552 10000
2553 10000
2554 10000
2555 10000
2556 10000
2557 10000
2558 10000
2559 10000
2560 10000
2561 10000
2562 10000
2563 10000
2564 10000
2565 10000
2566 10000
2567 10000
2568 10000
2569 10000
2570 10000
2571 10000
2572 10000
2573 10000
2574 10000
2575 10000
2576 10000
2577 10000
2578 10000
2579 10000
2580 10000
2581 10000
2582 10000
2583 10000
2584 10000
2585 10000
2586 10000
2587 10000
2588 10000
2589 10000
2590 10000
2591 10000
2592 10000
2593 10000
2594 10000
2595 10000
2596 10000
2597 10000
2598 10000
2599 10000
2600 10000
2601 10000
2602 10000
2603 10000
2604 10000
2605 10000
2606 10000
2607 10000
2608 10000
2609 10000
2610 10000
2611 10000
2612 10000
2613 10000
2614 10000
2615 10000
2616 10000
2617 10000
2618 10000
2619 10000
2620 10000
2621 10000
2622 10000
2623 10000
2624 10000
2625 10000
2626 10000
2627 10000
2628 10000
2629 10000
2630 10000
2631 10000
2632 10000
2633 10000
2634 10000
2635 10000
2636 10000
2637 10000
2638 10000
2639 10000
2640 10000
2641 10000
2642 10000
2643 10000
2644 10000
2645 10000
2646 10000
2647 10000
2648 10000
2649 10000
2650 10000
2651 10000
2652 10000
2653 10000
2654 10000
2655 10000
2656 10000
2657 10000
2658 10000
2659 10000
2660 10000
2661 10000
2662 10000
2663 10000
2664 10000
2665 10000
2666 10000
2667 10000
2668 10000
2669 10000
2670 10000
2671 10000
2672 10000
2673 10000
2674 10000
2675 10000
2676 10000
2677 10000
2678 10000
2679 10000
2680 10000
2681 10000
2682 10000
2683 10000
2684 10000
2685 10000
2686 10000
2687 10000
2688 10000
2689 10000
2690 10000
2691 10000
2692 10000
2693 10000
2694 10000
2695 10000
2696 10000
2697 10000
2698 10000
2699 10000
2700 10000
2701 10000
2702 10000
2703 10000
2704 10000
2705 10000
2706 10000
2707 10000
2708 10000
2709 10000
2710 10000
2711 10000
2712 10000
2713 10000
2714 10000
2715 10000
2716 10000
2717 10000
2718 10000
2719 10000
2720 10000
2721 10000
2722 10000
2723 10000
2724 10000
2725 10000
2726 10000
2727 10000
2728 10000
2729 10000
2730 10000
2731 10000
2732 10000
2733 10000
2734 10000
2735 10000
2736 10000
2737 10000
2738 10000
2739 10000
2740 10000
2741 10000
2742 10000
2743 10000
2744 10000
2745 10000
2746 10000
2747 10000
2748 10000
2749 10000
2750 10000
2751 10000
2752 10000
2753 10000
2754 10000
2755 10000
2756 10000
2757 10000
2758 10000
2759 10000
2760 10000
2761 10000
2762 10000
2763 10000
2764 10000
2765 10000
2766 10000
2767 10000
2768 10000
2769 10000
2770 10000
2771 10000
2772 10000
2773 10000
2774 10000
2775 10000
2776 10000
2777 10000
2778 10000
2779 10000
2780 10000
2781 10000
2782 10000
2783 10000
2784 10000
2785 10000
2786 10000
2787 10000
2788 10000
2789 10000
2790 10000
2791 10000
2792 10000
2793 10000
2794 10000
2795 10000
2796 10000
2797 10000
2798 10000
2799 10000
2800 10000
2801 10000
2802 10000
2803 10000
2804 10000
2805 10000
2806 10000
2807 10000
2808 10000
2809 10000
2810 10000
2811 10000
2812 10000
2813 10000
2814 10000
2815 10000
2816 10000
2817 10000
2818 10000
2819 10000
2820 10000
2821 10000
2822 10000
2823 10000
2824 10000
2825 10000
2826 10000
2827 10000
2828 10000
2829 10000
2830 10000
2831 10000
2832 10000
2833 10000
2834 10000
2835 10000
2836 10000
2837 10000
2838 10000
2839 10000
2840 10000
2841 10000
2842 10000
2843 10000
2844 10000
2845 10000
2846 10000
2847 10000
2848 10000
2849 10000
2850 10000
2851 10000
2852 10000
2853 10000
2854 10000
2855 10000
2856 10000
2857 10000
2858 10000
2859 10000
2860 10000
2861 10000
2862 10000
2863 10000
2864 10000
2865 10000
2866 10000
2867 10000
2868 10000
2869 10000
2870 10000
2871 10000
2872 10000
2873 10000
2874 10000
2875 10000
2876 10000
2877 10000
2878 10000
2879 10000
2880 10000
2881 10000
2882 10000
2883 10000
2884 10000
2885 10000
2886 10000
2887 10000
2888 10000
2889 10000
2890 10000
2891 10000
2892 10000
2893 10000
2894 10000
2895 10000
2896 10000
2897 10000
2898 10000
2899 10000
2900 10000
2901 10000
2902 10000
2903 10000
2904 10000
2905 10000
2906 10000
2907 10000
2908 10000
2909 10000
2910 10000
2911 10000
2912 10000
2913 10000
2914 10000
2915 10000
2916 10000
2917 10000
2918 10000
2919 10000
2920 10000
2921 10000
2922 10000
2923 10000
2924 10000
2925 10000
2926 10000
2927 10000
2928 10000
2929 10000
2930 10000
2931 10000
2932 10000
2933 10000
2934 10000
2935 10000
2936 10000
2937 10000
2938 10000
2939 10000
2940 10000
2941 10000
2942 10000
2943 10000
2944 10000
2945 10000
2946 10000
2947 10000
2948 10000
2949 10000
2950 10000
2951 10000
2952 10000
2953 10000
2954 10000
2955 10000
2956 10000
2957 10000
2958 10000
2959 10000
2960 10000
2961 10000
2962 10000
2963 10000
2964 10000
2965 10000
2966 10000
2967 10000
2968 10000
2969 10000
2970 10000
2971 10000
2972 10000
2973 10000
2974 10000
2975 10000
2976 10000
2977 10000
2978 10000
2979 10000
2980 10000
2981 10000
2982 10000
2983 10000
2984 10000
2985 10000
2986 10000
2987 10000
2988 10000
2989 10000
2990 10000
2991 10000
2992 10000
2993 10000
2994 10000
2995 10000
2996 10000
2997 10000
2998 10000
2999 10000
3000 10000
3001 10000
3002 10000
3003 10000
3004 10000
3005 10000
3006 10000
3007 10000
3008 10000
3009 10000
3010 10000
3011 10000
3012 10000
3013 10000
3014 10000
3015 10000
3016 10000
3017 10000
3018 10000
3019 10000
3020 10000
3021 10000
3022 10000
3023 10000
3024 10000
3025 10000
3026 10000
3027 10000
3028 10000
3029 10000
3030 10000
3031 10000
3032 10000
3033 10000
3034 10000
3035 10000
3036 10000
3037 10000
3038 10000
3039 10000
3040 10000
3041 10000
3042 10000
3043 10000
3044 10000
3045 10000
3046 10000
3047 10000
3048 10000
3049 10000
3050 10000
3051 10000
3052 10000
3053 10000
3054 10000
3055 10000
3056 10000
3057 10000
3058 10000
3059 10000
3060 10000
3061 10000
3062 10000
3063 10000
3064 10000
3065 10000
3066 10000
3067 10000
3068 10000
3069 10000
3070 10000
3071 10000
3072 10000
3073 10000
3074 10000
3075 10000
3076 10000
3077 10000
3078 10000
3079 10000
3080 10000
3081 10000
3082 10000
3083 10000
3084 10000
3085 10000
3086 10000
3087 10000
3088 10000
3089 10000
3090 10000
3091 10000
3092 10000
3093 10000
3094 10000
3095 10000
3096 10000
3097 10000
3098 10000
3099 10000
3100 10000
3101 10000
3102 10000
3103 10000
3104 10000
3105 10000
3106 10000
3107 10000
3108 10000
3109 10000
3110 10000
3111 10000
3112 10000
3113 10000
3114 10000
3115 10000
3116 10000
3117 10000
3118 10000
3119 10000
3120 10000
3121 10000
3122 10000
3123 10000
3124 10000
3125 10000
3126 10000
3127 10000
3128 10000
3129 10000
3130 10000
3131 10000
3132 10000
3133 10000
3134 10000
3135 10000
3136 10000
3137 10000
3138 10000
3139 10000
3140 10000
3141 10000
3142 10000
3143 10000
3144 10000
3145 10000
3146 10000
3147 10000
3148 10000
3149 10000
3150 10000
3151 10000
3152 10000
3153 10000
3154 10000
3155 10000
3156 10000
3157 10000
3158 10000
3159 10000
3160 10000
3161 10000
3162 10000
3163 10000
3164 10000
3165 10000
3166 10000
3167 10000
3168 10000
3169 10000
3170 10000
3171 10000
3172 10000
3173 10000
3174 10000
3175 10000
3176 10000
3177 10000
3178 10000
3179 10000
3180 10000
3181 10000
3182 10000
3183 10000
3184 10000
3185 10000
3186 10000
3187 10000
3188 10000
3189 10000
3190 10000
3191 10000
3192 10000
3193 10000
3194 10000
3195 10000
3196 10000
3197 10000
3198 10000
3199 10000
3200 10000
3201 10000
3202 10000
3203 10000
3204 10000
3205 10000
3206 10000
3207 10000
3208 10000
3209 10000
3210 10000
3211 10000
3212 10000
3213 10000
3214 10000
3215 10000
3216 10000
3217 10000
3218 10000
3219 10000
3220 10000
3221 10000
3222 10000
3223 10000
3224 10000
3225 10000
3226 10000
3227 10000
3228 10000
3229 10000
3230 10000
3231 10000
3232 10000
3233 10000
3234 10000
3235 10000
3236 10000
3237 10000
3238 10000
3239 10000
3240 10000
3241 10000
3242 10000
3243 10000
3244 10000
3245 10000
3246 10000
3247 10000
3248 10000
3249 10000
3250 10000
3251 10000
3252 10000
3253 10000
3254 10000
3255 10000
3256 10000
3257 10000
3258 10000
3259 10000
3260 10000
3261 10000
3262 10000
3263 10000
3264 10000
3265 10000
3266 10000
3267 10000
3268 10000
3269 10000
3270 10000
3271 10000
3272 10000
3273 10000
3274 10000
3275 10000
3276 10000
3277 10000
3278 10000
3279 10000
3280 10000
3281 10000
3282 10000
3283 10000
3284 10000
3285 10000
3286 10000
3287 10000
3288 10000
3289 10000
3290 10000
3291 10000
3292 10000
3293 10000
3294 10000
3295 10000
3296 10000
3297 10000
3298 10000
3299 10000
3300 10000
3301 10000
3302 10000
3303 10000
3304 10000
3305 10000
3306 10000
3307 10000
3308 10000
3309 10000
3310 10000
3311 10000
3312 10000
3313 10000
3314 10000
3315 10000
3316 10000
3317 10000
3318 10000
3319 10000
3320 10000
3321 10000
3322 10000
3323 10000
3324 10000
3325 10000
3326 10000
3327 10000
3328 10000
3329 10000
3330 10000
3331 10000
3332 10000
3333 10000
3334 10000
3335 10000
3336 10000
3337 10000
3338 10000
3339 10000
3340 10000
3341 10000
3342 10000
3343 10000
3344 10000
3345 10000
3346 10000
3347 10000
3348 10000
3349 10000
3350 10000
3351 10000
3352 10000
3353 10000
3354 10000
3355 10000
3356 10000
3357 10000
3358 10000
3359 10000
3360 10000
3361 10000
3362 10000
3363 10000
3364 10000
3365 10000
3366 10000
3367 10000
3368 10000
3369 10000
3370 10000
3371 10000
3372 10000
3373 10000
3374 10000
3375 10000
3376 10000
3377 10000
3378 10000
3379 10000
3380 10000
3381 10000
3382 10000
3383 10000
3384 10000
3385 10000
3386 10000
3387 10000
3388 10000
3389 10000
3390 10000
3391 10000
3392 10000
3393 10000
3394 10000
3395 10000
3396 10000
3397 10000
3398 10000
3399 10000
3400 10000
3401 10000
3402 10000
3403 10000
3404 10000
3405 10000
3406 10000
3407 10000
3408 10000
3409 10000
3410 10000
3411 10000
3412 10000
3413 10000
3414 10000
3415 10000
3416 10000
3417 10000
3418 10000
3419 10000
3420 10000
3421 10000
3422 10000
3423 10000
3424 10000
3425 10000
3426 10000
3427 10000
3428 10000
3429 10000
3430 10000
3431 10000
3432 10000
3433 10000
3434 10000
3435 10000
3436 10000
3437 10000
3438 10000
3439 10000
3440 10000
3441 10000
3442 10000
3443 10000
3444 10000
3445 10000
3446 10000
3447 10000
3448 10000
3449 10000
3450 10000
3451 10000
3452 10000
3453 10000
3454 10000
3455 10000
3456 10000
3457 10000
3458 10000
3459 10000
3460 10000
3461 10000
3462 10000
3463 10000
3464 10000
3465 10000
3466 10000
3467 10000
3468 10000
3469 10000
3470 10000
3471 10000
3472 10000
3473 10000
3474 10000
3475 10000
3476 10000
3477 10000
3478 10000
3479 10000
3480 10000
3481 10000
3482 10000
3483 10000
3484 10000
3485 10000
3486 10000
3487 10000
3488 10000
3489 10000
3490 10000
3491 10000
3492 10000
3493 10000
3494 10000
3495 10000
3496 10000
3497 10000
3498 10000
3499 10000
3500 10000
3501 10000
3502 10000
3503 10000
3504 10000
3505 10000
3506 10000
3507 10000
3508 10000
3509 10000
3510 10000
3511 10000
3512 10000
3513 10000
3514 10000
3515 10000
3516 10000
3517 10000
3518 10000
3519 10000
3520 10000
3521 10000
3522 10000
3523 10000
3524 10000
3525 10000
3526 10000
3527 10000
3528 10000
3529 10000
3530 10000
3531 10000
3532 10000
3533 10000
3534 10000
3535 10000
3536 10000
3537 10000
3538 10000
3539 10000
3540 10000
3541 10000
3542 10000
3543 10000
3544 10000
3545 10000
3546 10000
3547 10000
3548 10000
3549 10000
3550 10000
3551 10000
3552 10000
3553 10000
3554 10000
3555 10000
3556 10000
3557 10000
3558 10000
3559 10000
3560 10000
3561 10000
3562 10000
3563 10000
3564 10000
3565 10000
3566 10000
3567 10000
3568 10000
3569 10000
3570 10000
3571 10000
3572 10000
3573 10000
3574 10000
3575 10000
3576 10000
3577 10000
3578 10000
3579 10000
3580 10000
3581 10000
3582 10000
3583 10000
3584 10000
3585 10000
3586 10000
3587 10000
3588 10000
3589 10000
3590 10000
3591 10000
3592 10000
3593 10000
3594 10000
3595 10000
3596 10000
3597 10000
3598 10000
3599 10000
3600 10000
3601 10000
3602 10000
3603 10000
3604 10000
3605 10000
3606 10000
3607 10000
3608 10000
3609 10000
3610 10000
3611 10000
3612 10000
3613 10000
3614 10000
3615 10000
3616 10000
3617 10000
3618 10000
3619 10000
3620 10000
3621 10000
3622 10000
3623 10000
3624 10000
3625 10000
3626 10000
3627 10000
3628 10000
3629 10000
3630 10000
3631 10000
3632 10000
3633 10000
3634 10000
3635 10000
3636 10000
3637 10000
3638 10000
3639 10000
3640 10000
3641 10000
3642 10000
3643 10000
3644 10000
3645 10000
3646 10000
3647 10000
3648 10000
3649 10000
3650 10000
3651 10000
3652 10000
3653 10000
3654 10000
3655 10000
3656 10000
3657 10000
3658 10000
3659 10000
3660 10000
3661 10000
3662 10000
3663 10000
3664 10000
3665 10000
3666 10000
3667 10000
3668 10000
3669 10000
3670 10000
3671 10000
3672 10000
3673 10000
3674 10000
3675 10000
3676 10000
3677 10000
3678 10000
3679 10000
3680 10000
3681 10000
3682 10000
3683 10000
3684 10000
3685 10000
3686 10000
3687 10000
3688 10000
3689 10000
3690 10000
3691 10000
3692 10000
3693 10000
3694 10000
3695 10000
3696 10000
3697 10000
3698 10000
3699 10000
3700 10000
3701 10000
3702 10000
3703 10000
3704 10000
3705 10000
3706 10000
3707 10000
3708 10000
3709 10000
3710 10000
3711 10000
3712 10000
3713 10000
3714 10000
3715 10000
3716 10000
3717 10000
3718 10000
3719 10000
3720 10000
3721 10000
3722 10000
3723 10000
3724 10000
3725 10000
3726 10000
3727 10000
3728 10000
3729 10000
3730 10000
3731 10000
3732 10000
3733 10000
3734 10000
3735 10000
3736 10000
3737 10000
3738 10000
3739 10000
3740 10000
3741 10000
3742 10000
3743 10000
3744 10000
3745 10000
3746 10000
3747 10000
3748 10000
3749 10000
3750 10000
3751 10000
3752 10000
3753 10000
3754 10000
3755 10000
3756 10000
3757 10000
3758 10000
3759 10000
3760 10000
3761 10000
3762 10000
3763 10000
3764 10000
3765 10000
3766 10000
3767 10000
3768 10000
3769 10000
3770 10000
3771 10000
3772 10000
3773 10000
3774 10000
3775 10000
3776 10000
3777 10000
3778 10000
3779 10000
3780 10000
3781 10000
3782 10000
3783 10000
3784 10000
3785 10000
3786 10000
3787 10000
3788 10000
3789 10000
3790 10000
3791 10000
3792 10000
3793 10000
3794 10000
3795 10000
3796 10000
3797 10000
3798 10000
3799 10000
3800 10000
3801 10000
3802 10000
3803 10000
3804 10000
3805 10000
3806 10000
3807 10000
3808 10000
3809 10000
3810 10000
3811 10000
3812 10000
3813 10000
3814 10000
3815 10000
3816 10000
3817 10000
3818 10000
3819 10000
3820 10000
3821 10000
3822 10000
3823 10000
3824 10000
3825 10000
3826 10000
3827 10000
3828 10000
3829 10000
3830 10000
3831 10000
3832 10000
3833 10000
3834 10000
3835 10000
3836 10000
3837 10000
3838 10000
3839 10000
3840 10000
3841 10000
3842 10000
3843 10000
3844 10000
3845 10000
3846 10000
3847 10000
3848 10000
3849 10000
3850 10000
3851 10000
3852 10000
3853 10000
3854 10000
3855 10000
3856 10000
3857 10000
3858 10000
3859 10000
3860 10000
3861 10000
3862 10000
3863 10000
3864 10000
3865 10000
3866 10000
3867 10000
3868 10000
3869 10000
3870 10000
3871 10000
3872 10000
3873 10000
3874 10000
3875 10000
3876 10000
3877 10000
3878 10000
3879 10000
3880 10000
3881 10000
3882 10000
3883 10000
3884 10000
3885 10000
3886 10000
3887 10000
3888 10000
3889 10000
3890 10000
3891 10000
3892 10000
3893 10000
3894 10000
3895 10000
3896 10000
3897 10000
3898 10000
3899 10000
3900 10000
3901 10000
3902 10000
3903 10000
3904 10000
3905 10000
3906 10000
3907 10000
3908 10000
3909 10000
3910 10000
3911 10000
3912 10000
3913 10000
3914 10000
3915 10000
3916 10000
3917 10000
3918 10000
3919 10000
3920 10000
3921 10000
3922 10000
3923 10000
3924 10000
3925 10000
3926 10000
3927 10000
3928 10000
3929 10000
3930 10000
3931 10000
3932 10000
3933 10000
3934 10000
3935 10000
3936 10000
3937 10000
3938 10000
3939 10000
3940 10000
3941 10000
3942 10000
3943 10000
3944 10000
3945 10000
3946 10000
3947 10000
3948 10000
3949 10000
3950 10000
3951 10000
3952 10000
3953 10000
3954 10000
3955 10000
3956 10000
3957 10000
3958 10000
3959 10000
3960 10000
3961 10000
3962 10000
3963 10000
3964 10000
3965 10000
3966 10000
3967 10000
3968 10000
3969 10000
3970 10000
3971 10000
3972 10000
3973 10000
3974 10000
3975 10000
3976 10000
3977 10000
3978 10000
3979 10000
3980 10000
3981 10000
3982 10000
3983 10000
3984 10000
3985 10000
3986 10000
3987 10000
3988 10000
3989 10000
3990 10000
3991 10000
3992 10000
3993 10000
3994 10000
3995 10000
3996 10000
3997 10000
3998 10000
3999 10000
4000 10000
4001 10000
4002 10000
4003 10000
4004 10000
4005 10000
4006 10000
4007 10000
4008 10000
4009 10000
4010 10000
4011 10000
4012 10000
4013 10000
4014 10000
4015 10000
4016 10000
4017 10000
4018 10000
4019 10000
4020 10000
4021 10000
4022 10000
4023 10000
4024 10000
4025 10000
4026 10000
4027 10000
4028 10000
4029 10000
4030 10000
4031 10000
4032 10000
4033 10000
4034 10000
4035 10000
4036 10000
4037 10000
4038 10000
4039 10000
4040 10000
4041 10000
4042 10000
4043 10000
4044 10000
4045 10000
4046 10000
4047 10000
4048 10000
4049 10000
4050 10000
4051 10000
4052 10000
4053 10000
4054 10000
4055 10000
4056 10000
4057 10000
4058 10000
4059 10000
4060 10000
4061 10000
4062 10000
4063 10000
4064 10000
4065 10000
4066 10000
4067 10000
4068 10000
4069 10000
4070 10000
4071 10000
4072 10000
4073 10000
4074 10000
4075 10000
4076 10000
4077 10000
4078 10000
4079 10000
4080 10000
4081 10000
4082 10000
4083 10000
4084 10000
4085 10000
4086 10000
4087 10000
4088 10000
4089 10000
4090 10000
4091 10000
4092 10000
4093 10000
4094 10000
4095 10000
4096 10000
4097 10000
4098 10000
4099 10000
4100 10000
4101 10000
4102 10000
4103 10000
4104 10000
4105 10000
4106 10000
4107 10000
4108 10000
4109 10000
4110 10000
4111 10000
4112 10000
4113 10000
4114 10000
4115 10000
4116 10000
4117 10000
4118 10000
4119 10000
4120 10000
4121 10000
4122 10000
4123 10000
4124 10000
4125 10000
4126 10000
4127 10000
4128 10000
4129 10000
4130 10000
4131 10000
4132 10000
4133 10000
4134 10000
4135 10000
4136 10000
4137 10000
4138 10000
4139 10000
4140 10000
4141 10000
4142 10000
4143 10000
4144 10000
4145 10000
4146 10000
4147 10000
4148 10000
4149 10000
4150 10000
4151 10000
4152 10000
4153 10000
4154 10000
4155 10000
4156 10000
4157 10000
4158 10000
4159 10000
4160 10000
4161 10000
4162 10000
4163 10000
4164 10000
4165 10000
4166 10000
4167 10000
4168 10000
4169 10000
4170 10000
4171 10000
4172 10000
4173 10000
4174 10000
4175 10000
4176 10000
4177 10000
4178 10000
4179 10000
4180 10000
4181 10000
4182 10000
4183 10000
4184 10000
4185 10000
4186 10000
4187 10000
4188 10000
4189 10000
4190 10000
4191 10000
4192 10000
4193 10000
4194 10000
4195 10000
4196 10000
4197 10000
4198 10000
4199 10000
4200 10000
4201 10000
4202 10000
4203 10000
4204 10000
4205 10000
4206 10000
4207 10000
4208 10000
4209 10000
4210 10000
4211 10000
4212 10000
4213 10000
4214 10000
4215 10000
4216 10000
4217 10000
4218 10000
4219 10000
4220 10000
4221 10000
4222 10000
4223 10000
4224 10000
4225 10000
4226 10000
4227 10000
4228 10000
4229 10000
4230 10000
4231 10000
4232 10000
4233 10000
4234 10000
4235 10000
4236 10000
4237 10000
4238 10000
4239 10000
4240 10000
4241 10000
4242 10000
4243 10000
4244 10000
4245 10000
4246 10000
4247 10000
4248 10000
4249 10000
4250 10000
4251 10000
4252 10000
4253 10000
4254 10000
4255 10000
4256 10000
4257 10000
4258 10000
4259 10000
4260 10000
4261 10000
4262 10000
4263 10000
4264 10000
4265 10000
4266 10000
4267 10000
4268 10000
4269 10000
4270 10000
4271 10000
4272 10000
4273 10000
4274 10000
4275 10000
4276 10000
4277 10000
4278 10000
4279 10000
4280 10000
4281 10000
4282 10000
4283 10000
4284 10000
4285 10000
4286 10000
4287 10000
4288 10000
4289 10000
4290 10000
4291 10000
4292 10000
4293 10000
4294 10000
4295 10000
4296 10000
4297 10000
4298 10000
4299 10000
4300 10000
4301 10000
4302 10000
4303 10000
4304 10000
4305 10000
4306 10000
4307 10000
4308 10000
4309 10000
4310 10000
4311 10000
4312 10000
4313 10000
4314 10000
4315 10000
4316 10000
4317 10000
4318 10000
4319 10000
4320 10000
4321 10000
4322 10000
4323 10000
4324 10000
4325 10000
4326 10000
4327 10000
4328 10000
4329 10000
4330 10000
4331 10000
4332 10000
4333 10000
4334 10000
4335 10000
4336 10000
4337 10000
4338 10000
4339 10000
4340 10000
4341 10000
4342 10000
4343 10000
4344 10000
4345 10000
4346 10000
4347 10000
4348 10000
4349 10000
4350 10000
4351 10000
4352 10000
4353 10000
4354 10000
4355 10000
4356 10000
4357 10000
4358 10000
4359 10000
4360 10000
4361 10000
4362 10000
4363 10000
4364 10000
4365 10000
4366 10000
4367 10000
4368 10000
4369 10000
4370 10000
4371 10000
4372 10000
4373 10000
4374 10000
4375 10000
4376 10000
4377 10000
4378 10000
4379 10000
4380 10000
4381 10000
4382 10000
4383 10000
4384 10000
4385 10000
4386 10000
4387 10000
4388 10000
4389 10000
4390 10000
4391 10000
4392 10000
4393 10000
4394 10000
4395 10000
4396 10000
4397 10000
4398 10000
4399 10000
4400 10000
4401 10000
4402 10000
4403 10000
4404 10000
4405 10000
4406 10000
4407 10000
4408 10000
4409 10000
4410 10000
4411 10000
4412 10000
4413 10000
4414 10000
4415 10000
4416 10000
4417 10000
4418 10000
4419 10000
4420 10000
4421 10000
4422 10000
4423 10000
4424 10000
4425 10000
4426 10000
4427 10000
4428 10000
4429 10000
4430 10000
4431 10000
4432 10000
4433 10000
4434 10000
4435 10000
4436 10000
4437 10000
4438 10000
4439 10000
4440 10000
4441 10000
4442 10000
4443 10000
4444 10000
4445 10000
4446 10000
4447 10000
4448 10000
4449 10000
4450 10000
4451 10000
4452 10000
4453 10000
4454 10000
4455 10000
4456 10000
4457 10000
4458 10000
4459 10000
4460 10000
4461 10000
4462 10000
4463 10000
4464 10000
4465 10000
4466 10000
4467 10000
4468 10000
4469 10000
4470 10000
4471 10000
4472 10000
4473 10000
4474 10000
4475 10000
4476 10000
4477 10000
4478 10000
4479 10000
4480 10000
4481 10000
4482 10000
4483 10000
4484 10000
4485 10000
4486 10000
4487 10000
4488 10000
4489 10000
4490 10000
4491 10000
4492 10000
4493 10000
4494 10000
4495 10000
4496 10000
4497 10000
4498 10000
4499 10000
4500 10000
4501 10000
4502 10000
4503 10000
4504 10000
4505 10000
4506 10000
4507 10000
4508 10000
4509 10000
4510 10000
4511 10000
4512 10000
4513 10000
4514 10000
4515 10000
4516 10000
4517 10000
4518 10000
4519 10000
4520 10000
4521 10000
4522 10000
4523 10000
4524 10000
4525 10000
4526 10000
4527 10000
4528 10000
4529 10000
4530 10000
4531 10000
4532 10000
4533 10000
4534 10000
4535 10000
4536 10000
4537 10000
4538 10000
4539 10000
4540 10000
4541 10000
4542 10000
4543 10000
4544 10000
4545 10000
4546 10000
4547 10000
4548 10000
4549 10000
4550 10000
4551 10000
4552 10000
4553 10000
4554 10000
4555 10000
4556 10000
4557 10000
4558 10000
4559 10000
4560 10000
4561 10000
4562 10000
4563 10000
4564 10000
4565 10000
4566 10000
4567 10000
4568 10000
4569 10000
4570 10000
4571 10000
4572 10000
4573 10000
4574 10000
4575 10000
4576 10000
4577 10000
4578 10000
4579 10000
4580 10000
4581 10000
4582 10000
4583 10000
4584 10000
4585 10000
4586 10000
4587 10000
4588 10000
4589 10000
4590 10000
4591 10000
4592 10000
4593 10000
4594 10000
4595 10000
4596 10000
4597 10000
4598 10000
4599 10000
4600 10000
4601 10000
4602 10000
4603 10000
4604 10000
4605 10000
4606 10000
4607 10000
4608 10000
4609 10000
4610 10000
4611 10000
4612 10000
4613 10000
4614 10000
4615 10000
4616 10000
4617 10000
4618 10000
4619 10000
4620 10000
4621 10000
4622 10000
4623 10000
4624 10000
4625 10000
4626 10000
4627 10000
4628 10000
4629 10000
4630 10000
4631 10000
4632 10000
4633 10000
4634 10000
4635 10000
4636 10000
4637 10000
4638 10000
4639 10000
4640 10000
4641 10000
4642 10000
4643 10000
4644 10000
4645 10000
4646 10000
4647 10000
4648 10000
4649 10000
4650 10000
4651 10000
4652 10000
4653 10000
4654 10000
4655 10000
4656 10000
4657 10000
4658 10000
4659 10000
4660 10000
4661 10000
4662 10000
4663 10000
4664 10000
4665 10000
4666 10000
4667 10000
4668 10000
4669 10000
4670 10000
4671 10000
4672 10000
4673 10000
4674 10000
4675 10000
4676 10000
4677 10000
4678 10000
4679 10000
4680 10000
4681 10000
4682 10000
4683 10000
4684 10000
4685 10000
4686 10000
4687 10000
4688 10000
4689 10000
4690 10000
4691 10000
4692 10000
4693 10000
4694 10000
4695 10000
4696 10000
4697 10000
4698 10000
4699 10000
4700 10000
4701 10000
4702 10000
4703 10000
4704 10000
4705 10000
4706 10000
4707 10000
4708 10000
4709 10000
4710 10000
4711 10000
4712 10000
4713 10000
4714 10000
4715 10000
4716 10000
4717 10000
4718 10000
4719 10000
4720 10000
4721 10000
4722 10000
4723 10000
4724 10000
4725 10000
4726 10000
4727 10000
4728 10000
4729 10000
4730 10000
4731 10000
4732 10000
4733 10000
4734 10000
4735 10000
4736 10000
4737 10000
4738 10000
4739 10000
4740 10000
4741 10000
4742 10000
4743 10000
4744 10000
4745 10000
4746 10000
4747 10000
4748 10000
4749 10000
4750 10000
4751 10000
4752 10000
4753 10000
4754 10000
4755 10000
4756 10000
4757 10000
4758 10000
4759 10000
4760 10000
4761 10000
4762 10000
4763 10000
4764 10000
4765 10000
4766 10000
4767 10000
4768 10000
4769 10000
4770 10000
4771 10000
4772 10000
4773 10000
4774 10000
4775 10000
4776 10000
4777 10000
4778 10000
4779 10000
4780 10000
4781 10000
4782 10000
4783 10000
4784 10000
4785 10000
4786 10000
4787 10000
4788 10000
4789 10000
4790 10000
4791 10000
4792 10000
4793 10000
4794 10000
4795 10000
4796 10000
4797 10000
4798 10000
4799 10000
4800 10000
4801 10000
4802 10000
4803 10000
4804 10000
4805 10000
4806 10000
4807 10000
4808 10000
4809 10000
4810 10000
4811 10000
4812 10000
4813 10000
4814 10000
4815 10000
4816 10000
4817 10000
4818 10000
4819 10000
4820 10000
4821 10000
4822 10000
4823 10000
4824 10000
4825 10000
4826 10000
4827 10000
4828 10000
4829 10000
4830 10000
4831 10000
4832 10000
4833 10000
4834 10000
4835 10000
4836 10000
4837 10000
4838 10000
4839 10000
4840 10000
4841 10000
4842 10000
4843 10000
4844 10000
4845 10000
4846 10000
4847 10000
4848 10000
4849 10000
4850 10000
4851 10000
4852 10000
4853 10000
4854 10000
4855 10000
4856 10000
4857 10000
4858 10000
4859 10000
4860 10000
4861 10000
4862 10000
4863 10000
4864 10000
4865 10000
4866 10000
4867 10000
4868 10000
4869 10000
4870 10000
4871 10000
4872 10000
4873 10000
4874 10000
4875 10000
4876 10000
4877 10000
4878 10000
4879 10000
4880 10000
4881 10000
4882 10000
4883 10000
4884 10000
4885 10000
4886 10000
4887 10000
4888 10000
4889 10000
4890 10000
4891 10000
4892 10000
4893 10000
4894 10000
4895 10000
4896 10000
4897 10000
4898 10000
4899 10000
4900 10000
4901 10000
4902 10000
4903 10000
4904 10000
4905 10000
4906 10000
4907 10000
4908 10000
4909 10000
4910 10000
4911 10000
4912 10000
4913 10000
4914 10000
4915 10000
4916 10000
4917 10000
4918 10000
4919 10000
4920 10000
4921 10000
4922 10000
4923 10000
4924 10000
4925 10000
4926 10000
4927 10000
4928 10000
4929 10000
4930 10000
4931 10000
4932 10000
4933 10000
4934 10000
4935 10000
4936 10000
4937 10000
4938 10000
4939 10000
4940 10000
4941 10000
4942 10000
4943 10000
4944 10000
4945 10000
4946 10000
4947 10000
4948 10000
4949 10000
4950 10000
4951 10000
4952 10000
4953 10000
4954 10000
4955 10000
4956 10000
4957 10000
4958 10000
4959 10000
4960 10000
4961 10000
4962 10000
4963 10000
4964 10000
4965 10000
4966 10000
4967 10000
4968 10000
4969 10000
4970 10000
4971 10000
4972 10000
4973 10000
4974 10000
4975 10000
4976 10000
4977 10000
4978 10000
4979 10000
4980 10000
4981 10000
4982 10000
4983 10000
4984 10000
4985 10000
4986 10000
4987 10000
4988 10000
4989 10000
4990 10000
4991 10000
4992 10000
4993 10000
4994 10000
4995 10000
4996 10000
4997 10000
4998 10000
4999 10000
5000 10000
5001 10000
5002 10000
5003 10000
5004 10000
5005 10000
5006 10000
5007 10000
5008 10000
5009 10000
5010 10000
5011 10000
5012 10000
5013 10000
5014 10000
5015 10000
5016 10000
5017 10000
5018 10000
5019 10000
5020 10000
5021 10000
5022 10000
5023 10000
5024 10000
5025 10000
5026 10000
5027 10000
5028 10000
5029 10000
5030 10000
5031 10000
5032 10000
5033 10000
5034 10000
5035 10000
5036 10000
5037 10000
5038 10000
5039 10000
5040 10000
5041 10000
5042 10000
5043 10000
5044 10000
5045 10000
5046 10000
5047 10000
5048 10000
5049 10000
5050 10000
5051 10000
5052 10000
5053 10000
5054 10000
5055 10000
5056 10000
5057 10000
5058 10000
5059 10000
5060 10000
5061 10000
5062 10000
5063 10000
5064 10000
5065 10000
5066 10000
5067 10000
5068 10000
5069 10000
5070 10000
5071 10000
5072 10000
5073 10000
5074 10000
5075 10000
5076 10000
5077 10000
5078 10000
5079 10000
5080 10000
5081 10000
5082 10000
5083 10000
5084 10000
5085 10000
5086 10000
5087 10000
5088 10000
5089 10000
5090 10000
5091 10000
5092 10000
5093 10000
5094 10000
5095 10000
5096 10000
5097 10000
5098 10000
5099 10000
5100 10000
5101 10000
5102 10000
5103 10000
5104 10000
5105 10000
5106 10000
5107 10000
5108 10000
5109 10000
5110 10000
5111 10000
5112 10000
5113 10000
5114 10000
5115 10000
5116 10000
5117 10000
5118 10000
5119 10000
5120 10000
5121 10000
5122 10000
5123 10000
5124 10000
5125 10000
5126 10000
5127 10000
5128 10000
5129 10000
5130 10000
5131 10000
5132 10000
5133 10000
5134 10000
5135 10000
5136 10000
5137 10000
5138 10000
5139 10000
5140 10000
5141 10000
5142 10000
5143 10000
5144 10000
5145 10000
5146 10000
5147 10000
5148 10000
5149 10000
5150 10000
5151 10000
5152 10000
5153 10000
5154 10000
5155 10000
5156 10000
5157 10000
5158 10000
5159 10000
5160 10000
5161 10000
5162 10000
5163 10000
5164 10000
5165 10000
5166 10000
5167 10000
5168 10000
5169 10000
5170 10000
5171 10000
5172 10000
5173 10000
5174 10000
5175 10000
5176 10000
5177 10000
5178 10000
5179 10000
5180 10000
5181 10000
5182 10000
5183 10000
5184 10000
5185 10000
5186 10000
5187 10000
5188 10000
5189 10000
5190 10000
5191 10000
5192 10000
5193 10000
5194 10000
5195 10000
5196 10000
5197 10000
5198 10000
5199 10000
5200 10000
5201 10000
5202 10000
5203 10000
5204 10000
5205 10000
5206 10000
5207 10000
5208 10000
5209 10000
5210 10000
5211 10000
5212 10000
5213 10000
5214 10000
5215 10000
5216 10000
5217 10000
5218 10000
5219 10000
5220 10000
5221 10000
5222 10000
5223 10000
5224 10000
5225 10000
5226 10000
5227 10000
5228 10000
5229 10000
5230 10000
5231 10000
5232 10000
5233 10000
5234 10000
5235 10000
5236 10000
5237 10000
5238 10000
5239 10000
5240 10000
5241 10000
5242 10000
5243 10000
5244 10000
5245 10000
5246 10000
5247 10000
5248 10000
5249 10000
5250 10000
5251 10000
5252 10000
5253 10000
5254 10000
5255 10000
5256 10000
5257 10000
5258 10000
5259 10000
5260 10000
5261 10000
5262 10000
5263 10000
5264 10000
5265 10000
5266 10000
5267 10000
5268 10000
5269 10000
5270 10000
5271 10000
5272 10000
5273 10000
5274 10000
5275 10000
5276 10000
5277 10000
5278 10000
5279 10000
5280 10000
5281 10000
5282 10000
5283 10000
5284 10000
5285 10000
5286 10000
5287 10000
5288 10000
5289 10000
5290 10000
5291 10000
5292 10000
5293 10000
5294 10000
5295 10000
5296 10000
5297 10000
5298 10000
5299 10000
5300 10000
5301 10000
5302 10000
5303 10000
5304 10000
5305 10000
5306 10000
5307 10000
5308 10000
5309 10000
5310 10000
5311 10000
5312 10000
5313 10000
5314 10000
5315 10000
5316 10000
5317 10000
5318 10000
5319 10000
5320 10000
5321 10000
5322 10000
5323 10000
5324 10000
5325 10000
5326 10000
5327 10000
5328 10000
5329 10000
5330 10000
5331 10000
5332 10000
5333 10000
5334 10000
5335 10000
5336 10000
5337 10000
5338 10000
5339 10000
5340 10000
5341 10000
5342 10000
5343 10000
5344 10000
5345 10000
5346 10000
5347 10000
5348 10000
5349 10000
5350 10000
5351 10000
5352 10000
5353 10000
5354 10000
5355 10000
5356 10000
5357 10000
5358 10000
5359 10000
5360 10000
5361 10000
5362 10000
5363 10000
5364 10000
5365 10000
5366 10000
5367 10000
5368 10000
5369 10000
5370 10000
5371 10000
5372 10000
5373 10000
5374 10000
5375 10000
5376 10000
5377 10000
5378 10000
5379 10000
5380 10000
5381 10000
5382 10000
5383 10000
5384 10000
5385 10000
5386 10000
5387 10000
5388 10000
5389 10000
5390 10000
5391 10000
5392 10000
5393 10000
5394 10000
5395 10000
5396 10000
5397 10000
5398 10000
5399 10000
5400 10000
5401 10000
5402 10000
5403 10000
5404 10000
5405 10000
5406 10000
5407 10000
5408 10000
5409 10000
5410 10000
5411 10000
5412 10000
5413 10000
5414 10000
5415 10000
5416 10000
5417 10000
5418 10000
5419 10000
5420 10000
5421 10000
5422 10000
5423 10000
5424 10000
5425 10000
5426 10000
5427 10000
5428 10000
5429 10000
5430 10000
5431 10000
5432 10000
5433 10000
5434 10000
5435 10000
5436 10000
5437 10000
5438 10000
5439 10000
5440 10000
5441 10000
5442 10000
5443 10000
5444 10000
5445 10000
5446 10000
5447 10000
5448 10000
5449 10000
5450 10000
5451 10000
5452 10000
5453 10000
5454 10000
5455 10000
5456 10000
5457 10000
5458 10000
5459 10000
5460 10000
5461 10000
5462 10000
5463 10000
5464 10000
5465 10000
5466 10000
5467 10000
5468 10000
5469 10000
5470 10000
5471 10000
5472 10000
5473 10000
5474 10000
5475 10000
5476 10000
5477 10000
5478 10000
5479 10000
5480 10000
5481 10000
5482 10000
5483 10000
5484 10000
5485 10000
5486 10000
5487 10000
5488 10000
5489 10000
5490 10000
5491 10000
5492 10000
5493 10000
5494 10000
5495 10000
5496 10000
5497 10000
5498 10000
5499 10000
5500 10000
5501 10000
5502 10000
5503 10000
5504 10000
5505 10000
5506 10000
5507 10000
5508 10000
5509 10000
5510 10000
5511 10000
5512 10000
5513 10000
5514 10000
5515 10000
5516 10000
5517 10000
5518 10000
5519 10000
5520 10000
5521 10000
5522 10000
5523 10000
5524 10000
5525 10000
5526 10000
5527 10000
5528 10000
5529 10000
5530 10000
5531 10000
5532 10000
5533 10000
5534 10000
5535 10000
5536 10000
5537 10000
5538 10000
5539 10000
5540 10000
5541 10000
5542 10000
5543 10000
5544 10000
5545 10000
5546 10000
5547 10000
5548 10000
5549 10000
5550 10000
5551 10000
5552 10000
5553 10000
5554 10000
5555 10000
5556 10000
5557 10000
5558 10000
5559 10000
5560 10000
5561 10000
5562 10000
5563 10000
5564 10000
5565 10000
5566 10000
5567 10000
5568 10000
5569 10000
5570 10000
5571 10000
5572 10000
5573 10000
5574 10000
5575 10000
5576 10000
5577 10000
5578 10000
5579 10000
5580 10000
5581 10000
5582 10000
5583 10000
5584 10000
5585 10000
5586 10000
5587 10000
5588 10000
5589 10000
5590 10000
5591 10000
5592 10000
5593 10000
5594 10000
5595 10000
5596 10000
5597 10000
5598 10000
5599 10000
5600 10000
5601 10000
5602 10000
5603 10000
5604 10000
5605 10000
5606 10000
5607 10000
5608 10000
5609 10000
5610 10000
5611 10000
5612 10000
5613 10000
5614 10000
5615 10000
5616 10000
5617 10000
5618 10000
5619 10000
5620 10000
5621 10000
5622 10000
5623 10000
5624 10000
5625 10000
5626 10000
5627 10000
5628 10000
5629 10000
5630 10000
5631 10000
5632 10000
5633 10000
5634 10000
5635 10000
5636 10000
5637 10000
5638 10000
5639 10000
5640 10000
5641 10000
5642 10000
5643 10000
5644 10000
5645 10000
5646 10000
5647 10000
5648 10000
5649 10000
5650 10000
5651 10000
5652 10000
5653 10000
5654 10000
5655 10000
5656 10000
5657 10000
5658 10000
5659 10000
5660 10000
5661 10000
5662 10000
5663 10000
5664 10000
5665 10000
5666 10000
5667 10000
5668 10000
5669 10000
5670 10000
5671 10000
5672 10000
5673 10000
5674 10000
5675 10000
5676 10000
5677 10000
5678 10000
5679 10000
5680 10000
5681 10000
5682 10000
5683 10000
5684 10000
5685 10000
5686 10000
5687 10000
5688 10000
5689 10000
5690 10000
5691 10000
5692 10000
5693 10000
5694 10000
5695 10000
5696 10000
5697 10000
5698 10000
5699 10000
5700 10000
5701 10000
5702 10000
5703 10000
5704 10000
5705 10000
5706 10000
5707 10000
5708 10000
5709 10000
5710 10000
5711 10000
5712 10000
5713 10000
5714 10000
5715 10000
5716 10000
5717 10000
5718 10000
5719 10000
5720 10000
5721 10000
5722 10000
5723 10000
5724 10000
5725 10000
5726 10000
5727 10000
5728 10000
5729 10000
5730 10000
5731 10000
5732 10000
5733 10000
5734 10000
5735 10000
5736 10000
5737 10000
5738 10000
5739 10000
5740 10000
5741 10000
5742 10000
5743 10000
5744 10000
5745 10000
5746 10000
5747 10000
5748 10000
5749 10000
5750 10000
5751 10000
5752 10000
5753 10000
5754 10000
5755 10000
5756 10000
5757 10000
5758 10000
5759 10000
5760 10000
5761 10000
5762 10000
5763 10000
5764 10000
5765 10000
5766 10000
5767 10000
5768 10000
5769 10000
5770 10000
5771 10000
5772 10000
5773 10000
5774 10000
5775 10000
5776 10000
5777 10000
5778 10000
5779 10000
5780 10000
5781 10000
5782 10000
5783 10000
5784 10000
5785 10000
5786 10000
5787 10000
5788 10000
5789 10000
5790 10000
5791 10000
5792 10000
5793 10000
5794 10000
5795 10000
5796 10000
5797 10000
5798 10000
5799 10000
5800 10000
5801 10000
5802 10000
5803 10000
5804 10000
5805 10000
5806 10000
5807 10000
5808 10000
5809 10000
5810 10000
5811 10000
5812 10000
5813 10000
5814 10000
5815 10000
5816 10000
5817 10000
5818 10000
5819 10000
5820 10000
5821 10000
5822 10000
5823 10000
5824 10000
5825 10000
5826 10000
5827 10000
5828 10000
5829 10000
5830 10000
5831 10000
5832 10000
5833 10000
5834 10000
5835 10000
5836 10000
5837 10000
5838 10000
5839 10000
5840 10000
5841 10000
5842 10000
5843 10000
5844 10000
5845 10000
5846 10000
5847 10000
5848 10000
5849 10000
5850 10000
5851 10000
5852 10000
5853 10000
5854 10000
5855 10000
5856 10000
5857 10000
5858 10000
5859 10000
5860 10000
5861 10000
5862 10000
5863 10000
5864 10000
5865 10000
5866 10000
5867 10000
5868 10000
5869 10000
5870 10000
5871 10000
5872 10000
5873 10000
5874 10000
5875 10000
5876 10000
5877 10000
5878 10000
5879 10000
5880 10000
5881 10000
5882 10000
5883 10000
5884 10000
5885 10000
5886 10000
5887 10000
5888 10000
5889 10000
5890 10000
5891 10000
5892 10000
5893 10000
5894 10000
5895 10000
5896 10000
5897 10000
5898 10000
5899 10000
5900 10000
5901 10000
5902 10000
5903 10000
5904 10000
5905 10000
5906 10000
5907 10000
5908 10000
5909 10000
5910 10000
5911 10000
5912 10000
5913 10000
5914 10000
5915 10000
5916 10000
5917 10000
5918 10000
5919 10000
5920 10000
5921 10000
5922 10000
5923 10000
5924 10000
5925 10000
5926 10000
5927 10000
5928 10000
5929 10000
5930 10000
5931 10000
5932 10000
5933 10000
5934 10000
5935 10000
5936 10000
5937 10000
5938 10000
5939 10000
5940 10000
5941 10000
5942 10000
5943 10000
5944 10000
5945 10000
5946 10000
5947 10000
5948 10000
5949 10000
5950 10000
5951 10000
5952 10000
5953 10000
5954 10000
5955 10000
5956 10000
5957 10000
5958 10000
5959 10000
5960 10000
5961 10000
5962 10000
5963 10000
5964 10000
5965 10000
5966 10000
5967 10000
5968 10000
5969 10000
5970 10000
5971 10000
5972 10000
5973 10000
5974 10000
5975 10000
5976 10000
5977 10000
5978 10000
5979 10000
5980 10000
5981 10000
5982 10000
5983 10000
5984 10000
5985 10000
5986 10000
5987 10000
5988 10000
5989 10000
5990 10000
5991 10000
5992 10000
5993 10000
5994 10000
5995 10000
5996 10000
5997 10000
5998 10000
5999 10000
6000 10000
6001 10000
6002 10000
6003 10000
6004 10000
6005 10000
6006 10000
6007 10000
6008 10000
6009 10000
6010 10000
6011 10000
6012 10000
6013 10000
6014 10000
6015 10000
6016 10000
6017 10000
6018 10000
6019 10000
6020 10000
6021 10000
6022 10000
6023 10000
6024 10000
6025 10000
6026 10000
6027 10000
6028 10000
6029 10000
6030 10000
6031 10000
6032 10000
6033 10000
6034 10000
6035 10000
6036 10000
6037 10000
6038 10000
6039 10000
6040 10000
6041 10000
6042 10000
6043 10000
6044 10000
6045 10000
6046 10000
6047 10000
6048 10000
6049 10000
6050 10000
6051 10000
6052 10000
6053 10000
6054 10000
6055 10000
6056 10000
6057 10000
6058 10000
6059 10000
6060 10000
6061 10000
6062 10000
6063 10000
6064 10000
6065 10000
6066 10000
6067 10000
6068 10000
6069 10000
6070 10000
6071 10000
6072 10000
6073 10000
6074 10000
6075 10000
6076 10000
6077 10000
6078 10000
6079 10000
6080 10000
6081 10000
6082 10000
6083 10000
6084 10000
6085 10000
6086 10000
6087 10000
6088 10000
6089 10000
6090 10000
6091 10000
6092 10000
6093 10000
6094 10000
6095 10000
6096 10000
6097 10000
6098 10000
6099 10000
6100 10000
6101 10000
6102 10000
6103 10000
6104 10000
6105 10000
6106 10000
6107 10000
6108 10000
6109 10000
6110 10000
6111 10000
6112 10000
6113 10000
6114 10000
6115 10000
6116 10000
6117 10000
6118 10000
6119 10000
6120 10000
6121 10000
6122 10000
6123 10000
6124 10000
6125 10000
6126 10000
6127 10000
6128 10000
6129 10000
6130 10000
6131 10000
6132 10000
6133 10000
6134 10000
6135 10000
6136 10000
6137 10000
6138 10000
6139 10000
6140 10000
6141 10000
6142 10000
6143 10000
6144 10000
6145 10000
6146 10000
6147 10000
6148 10000
6149 10000
6150 10000
6151 10000
6152 10000
6153 10000
6154 10000
6155 10000
6156 10000
6157 10000
6158 10000
6159 10000
6160 10000
6161 10000
6162 10000
6163 10000
6164 10000
6165 10000
6166 10000
6167 10000
6168 10000
6169 10000
6170 10000
6171 10000
6172 10000
6173 10000
6174 10000
6175 10000
6176 10000
6177 10000
6178 10000
6179 10000
6180 10000
6181 10000
6182 10000
6183 10000
6184 10000
6185 10000
6186 10000
6187 10000
6188 10000
6189 10000
6190 10000
6191 10000
6192 10000
6193 10000
6194 10000
6195 10000
6196 10000
6197 10000
6198 10000
6199 10000
6200 10000
6201 10000
6202 10000
6203 10000
6204 10000
6205 10000
6206 10000
6207 10000
6208 10000
6209 10000
6210 10000
6211 10000
6212 10000
6213 10000
6214 10000
6215 10000
6216 10000
6217 10000
6218 10000
6219 10000
6220 10000
6221 10000
6222 10000
6223 10000
6224 10000
6225 10000
6226 10000
6227 10000
6228 10000
6229 10000
6230 10000
6231 10000
6232 10000
6233 10000
6234 10000
6235 10000
6236 10000
6237 10000
6238 10000
6239 10000
6240 10000
6241 10000
6242 10000
6243 10000
6244 10000
6245 10000
6246 10000
6247 10000
6248 10000
6249 10000
6250 10000
6251 10000
6252 10000
6253 10000
6254 10000
6255 10000
6256 10000
6257 10000
6258 10000
6259 10000
6260 10000
6261 10000
6262 10000
6263 10000
6264 10000
6265 10000
6266 10000
6267 10000
6268 10000
6269 10000
6270 10000
6271 10000
6272 10000
6273 10000
6274 10000
6275 10000
6276 10000
6277 10000
6278 10000
6279 10000
6280 10000
6281 10000
6282 10000
6283 10000
6284 10000
6285 10000
6286 10000
6287 10000
6288 10000
6289 10000
6290 10000
6291 10000
6292 10000
6293 10000
6294 10000
6295 10000
6296 10000
6297 10000
6298 10000
6299 10000
6300 10000
6301 10000
6302 10000
6303 10000
6304 10000
6305 10000
6306 10000
6307 10000
6308 10000
6309 10000
6310 10000
6311 10000
6312 10000
6313 10000
6314 10000
6315 10000
6316 10000
6317 10000
6318 10000
6319 10000
6320 10000
6321 10000
6322 10000
6323 10000
6324 10000
6325 10000
6326 10000
6327 10000
6328 10000
6329 10000
6330 10000
6331 10000
6332 10000
6333 10000
6334 10000
6335 10000
6336 10000
6337 10000
6338 10000
6339 10000
6340 10000
6341 10000
6342 10000
6343 10000
6344 10000
6345 10000
6346 10000
6347 10000
6348 10000
6349 10000
6350 10000
6351 10000
6352 10000
6353 10000
6354 10000
6355 10000
6356 10000
6357 10000
6358 10000
6359 10000
6360 10000
6361 10000
6362 10000
6363 10000
6364 10000
6365 10000
6366 10000
6367 10000
6368 10000
6369 10000
6370 10000
6371 10000
6372 10000
6373 10000
6374 10000
6375 10000
6376 10000
6377 10000
6378 10000
6379 10000
6380 10000
6381 10000
6382 10000
6383 10000
6384 10000
6385 10000
6386 10000
6387 10000
6388 10000
6389 10000
6390 10000
6391 10000
6392 10000
6393 10000
6394 10000
6395 10000
6396 10000
6397 10000
6398 10000
6399 10000
6400 10000
6401 10000
6402 10000
6403 10000
6404 10000
6405 10000
6406 10000
6407 10000
6408 10000
6409 10000
6410 10000
6411 10000
6412 10000
6413 10000
6414 10000
6415 10000
6416 10000
6417 10000
6418 10000
6419 10000
6420 10000
6421 10000
6422 10000
6423 10000
6424 10000
6425 10000
6426 10000
6427 10000
6428 10000
6429 10000
6430 10000
6431 10000
6432 10000
6433 10000
6434 10000
6435 10000
6436 10000
6437 10000
6438 10000
6439 10000
6440 10000
6441 10000
6442 10000
6443 10000
6444 10000
6445 10000
6446 10000
6447 10000
6448 10000
6449 10000
6450 10000
6451 10000
6452 10000
6453 10000
6454 10000
6455 10000
6456 10000
6457 10000
6458 10000
6459 10000
6460 10000
6461 10000
6462 10000
6463 10000
6464 10000
6465 10000
6466 10000
6467 10000
6468 10000
6469 10000
6470 10000
6471 10000
6472 10000
6473 10000
6474 10000
6475 10000
6476 10000
6477 10000
6478 10000
6479 10000
6480 10000
6481 10000
6482 10000
6483 10000
6484 10000
6485 10000
6486 10000
6487 10000
6488 10000
6489 10000
6490 10000
6491 10000
6492 10000
6493 10000
6494 10000
6495 10000
6496 10000
6497 10000
6498 10000
6499 10000
6500 10000
6501 10000
6502 10000
6503 10000
6504 10000
6505 10000
6506 10000
6507 10000
6508 10000
6509 10000
6510 10000
6511 10000
6512 10000
6513 10000
6514 10000
6515 10000
6516 10000
6517 10000
6518 10000
6519 10000
6520 10000
6521 10000
6522 10000
6523 10000
6524 10000
6525 10000
6526 10000
6527 10000
6528 10000
6529 10000
6530 10000
6531 10000
6532 10000
6533 10000
6534 10000
6535 10000
6536 10000
6537 10000
6538 10000
6539 10000
6540 10000
6541 10000
6542 10000
6543 10000
6544 10000
6545 10000
6546 10000
6547 10000
6548 10000
6549 10000
6550 10000
6551 10000
6552 10000
6553 10000
6554 10000
6555 10000
6556 10000
6557 10000
6558 10000
6559 10000
6560 10000
6561 10000
6562 10000
6563 10000
6564 10000
6565 10000
6566 10000
6567 10000
6568 10000
6569 10000
6570 10000
6571 10000
6572 10000
6573 10000
6574 10000
6575 10000
6576 10000
6577 10000
6578 10000
6579 10000
6580 10000
6581 10000
6582 10000
6583 10000
6584 10000
6585 10000
6586 10000
6587 10000
6588 10000
6589 10000
6590 10000
6591 10000
6592 10000
6593 10000
6594 10000
6595 10000
6596 10000
6597 10000
6598 10000
6599 10000
6600 10000
6601 10000
6602 10000
6603 10000
6604 10000
6605 10000
6606 10000
6607 10000
6608 10000
6609 10000
6610 10000
6611 10000
6612 10000
6613 10000
6614 10000
6615 10000
6616 10000
6617 10000
6618 10000
6619 10000
6620 10000
6621 10000
6622 10000
6623 10000
6624 10000
6625 10000
6626 10000
6627 10000
6628 10000
6629 10000
6630 10000
6631 10000
6632 10000
6633 10000
6634 10000
6635 10000
6636 10000
6637 10000
6638 10000
6639 10000
6640 10000
6641 10000
6642 10000
6643 10000
6644 10000
6645 10000
6646 10000
6647 10000
6648 10000
6649 10000
6650 10000
6651 10000
6652 10000
6653 10000
6654 10000
6655 10000
6656 10000
6657 10000
6658 10000
6659 10000
6660 10000
6661 10000
6662 10000
6663 10000
6664 10000
6665 10000
6666 10000
6667 10000
6668 10000
6669 10000
6670 10000
6671 10000
6672 10000
6673 10000
6674 10000
6675 10000
6676 10000
6677 10000
6678 10000
6679 10000
6680 10000
6681 10000
6682 10000
6683 10000
6684 10000
6685 10000
6686 10000
6687 10000
6688 10000
6689 10000
6690 10000
6691 10000
6692 10000
6693 10000
6694 10000
6695 10000
6696 10000
6697 10000
6698 10000
6699 10000
6700 10000
6701 10000
6702 10000
6703 10000
6704 10000
6705 10000
6706 10000
6707 10000
6708 10000
6709 10000
6710 10000
6711 10000
6712 10000
6713 10000
6714 10000
6715 10000
6716 10000
6717 10000
6718 10000
6719 10000
6720 10000
6721 10000
6722 10000
6723 10000
6724 10000
6725 10000
6726 10000
6727 10000
6728 10000
6729 10000
6730 10000
6731 10000
6732 10000
6733 10000
6734 10000
6735 10000
6736 10000
6737 10000
6738 10000
6739 10000
6740 10000
6741 10000
6742 10000
6743 10000
6744 10000
6745 10000
6746 10000
6747 10000
6748 10000
6749 10000
6750 10000
6751 10000
6752 10000
6753 10000
6754 10000
6755 10000
6756 10000
6757 10000
6758 10000
6759 10000
6760 10000
6761 10000
6762 10000
6763 10000
6764 10000
6765 10000
6766 10000
6767 10000
6768 10000
6769 10000
6770 10000
6771 10000
6772 10000
6773 10000
6774 10000
6775 10000
6776 10000
6777 10000
6778 10000
6779 10000
6780 10000
6781 10000
6782 10000
6783 10000
6784 10000
6785 10000
6786 10000
6787 10000
6788 10000
6789 10000
6790 10000
6791 10000
6792 10000
6793 10000
6794 10000
6795 10000
6796 10000
6797 10000
6798 10000
6799 10000
6800 10000
6801 10000
6802 10000
6803 10000
6804 10000
6805 10000
6806 10000
6807 10000
6808 10000
6809 10000
6810 10000
6811 10000
6812 10000
6813 10000
6814 10000
6815 10000
6816 10000
6817 10000
6818 10000
6819 10000
6820 10000
6821 10000
6822 10000
6823 10000
6824 10000
6825 10000
6826 10000
6827 10000
6828 10000
6829 10000
6830 10000
6831 10000
6832 10000
6833 10000
6834 10000
6835 10000
6836 10000
6837 10000
6838 10000
6839 10000
6840 10000
6841 10000
6842 10000
6843 10000
6844 10000
6845 10000
6846 10000
6847 10000
6848 10000
6849 10000
6850 10000
6851 10000
6852 10000
6853 10000
6854 10000
6855 10000
6856 10000
6857 10000
6858 10000
6859 10000
6860 10000
6861 10000
6862 10000
6863 10000
6864 10000
6865 10000
6866 10000
6867 10000
6868 10000
6869 10000
6870 10000
6871 10000
6872 10000
6873 10000
6874 10000
6875 10000
6876 10000
6877 10000
6878 10000
6879 10000
6880 10000
6881 10000
6882 10000
6883 10000
6884 10000
6885 10000
6886 10000
6887 10000
6888 10000
6889 10000
6890 10000
6891 10000
6892 10000
6893 10000
6894 10000
6895 10000
6896 10000
6897 10000
6898 10000
6899 10000
6900 10000
6901 10000
6902 10000
6903 10000
6904 10000
6905 10000
6906 10000
6907 10000
6908 10000
6909 10000
6910 10000
6911 10000
6912 10000
6913 10000
6914 10000
6915 10000
6916 10000
6917 10000
6918 10000
6919 10000
6920 10000
6921 10000
6922 10000
6923 10000
6924 10000
6925 10000
6926 10000
6927 10000
6928 10000
6929 10000
6930 10000
6931 10000
6932 10000
6933 10000
6934 10000
6935 10000
6936 10000
6937 10000
6938 10000
6939 10000
6940 10000
6941 10000
6942 10000
6943 10000
6944 10000
6945 10000
6946 10000
6947 10000
6948 10000
6949 10000
6950 10000
6951 10000
6952 10000
6953 10000
6954 10000
6955 10000
6956 10000
6957 10000
6958 10000
6959 10000
6960 10000
6961 10000
6962 10000
6963 10000
6964 10000
6965 10000
6966 10000
6967 10000
6968 10000
6969 10000
6970 10000
6971 10000
6972 10000
6973 10000
6974 10000
6975 10000
6976 10000
6977 10000
6978 10000
6979 10000
6980 10000
6981 10000
6982 10000
6983 10000
6984 10000
6985 10000
6986 10000
6987 10000
6988 10000
6989 10000
6990 10000
6991 10000
6992 10000
6993 10000
6994 10000
6995 10000
6996 10000
6997 10000
6998 10000
6999 10000
7000 10000
7001 10000
7002 10000
7003 10000
7004 10000
7005 10000
7006 10000
7007 10000
7008 10000
7009 10000
7010 10000
7011 10000
7012 10000
7013 10000
7014 10000
7015 10000
7016 10000
7017 10000
7018 10000
7019 10000
7020 10000
7021 10000
7022 10000
7023 10000
7024 10000
7025 10000
7026 10000
7027 10000
7028 10000
7029 10000
7030 10000
7031 10000
7032 10000
7033 10000
7034 10000
7035 10000
7036 10000
7037 10000
7038 10000
7039 10000
7040 10000
7041 10000
7042 10000
7043 10000
7044 10000
7045 10000
7046 10000
7047 10000
7048 10000
7049 10000
7050 10000
7051 10000
7052 10000
7053 10000
7054 10000
7055 10000
7056 10000
7057 10000
7058 10000
7059 10000
7060 10000
7061 10000
7062 10000
7063 10000
7064 10000
7065 10000
7066 10000
7067 10000
7068 10000
7069 10000
7070 10000
7071 10000
7072 10000
7073 10000
7074 10000
7075 10000
7076 10000
7077 10000
7078 10000
7079 10000
7080 10000
7081 10000
7082 10000
7083 10000
7084 10000
7085 10000
7086 10000
7087 10000
7088 10000
7089 10000
7090 10000
7091 10000
7092 10000
7093 10000
7094 10000
7095 10000
7096 10000
7097 10000
7098 10000
7099 10000
7100 10000
7101 10000
7102 10000
7103 10000
7104 10000
7105 10000
7106 10000
7107 10000
7108 10000
7109 10000
7110 10000
7111 10000
7112 10000
7113 10000
7114 10000
7115 10000
7116 10000
7117 10000
7118 10000
7119 10000
7120 10000
7121 10000
7122 10000
7123 10000
7124 10000
7125 10000
7126 10000
7127 10000
7128 10000
7129 10000
7130 10000
7131 10000
7132 10000
7133 10000
7134 10000
7135 10000
7136 10000
7137 10000
7138 10000
7139 10000
7140 10000
7141 10000
7142 10000
7143 10000
7144 10000
7145 10000
7146 10000
7147 10000
7148 10000
7149 10000
7150 10000
7151 10000
7152 10000
7153 10000
7154 10000
7155 10000
7156 10000
7157 10000
7158 10000
7159 10000
7160 10000
7161 10000
7162 10000
7163 10000
7164 10000
7165 10000
7166 10000
7167 10000
7168 10000
7169 10000
7170 10000
7171 10000
7172 10000
7173 10000
7174 10000
7175 10000
7176 10000
7177 10000
7178 10000
7179 10000
7180 10000
7181 10000
7182 10000
7183 10000
7184 10000
7185 10000
7186 10000
7187 10000
7188 10000
7189 10000
7190 10000
7191 10000
7192 10000
7193 10000
7194 10000
7195 10000
7196 10000
7197 10000
7198 10000
7199 10000
7200 10000
7201 10000
7202 10000
7203 10000
7204 10000
7205 10000
7206 10000
7207 10000
7208 10000
7209 10000
7210 10000
7211 10000
7212 10000
7213 10000
7214 10000
7215 10000
7216 10000
7217 10000
7218 10000
7219 10000
7220 10000
7221 10000
7222 10000
7223 10000
7224 10000
7225 10000
7226 10000
7227 10000
7228 10000
7229 10000
7230 10000
7231 10000
7232 10000
7233 10000
7234 10000
7235 10000
7236 10000
7237 10000
7238 10000
7239 10000
7240 10000
7241 10000
7242 10000
7243 10000
7244 10000
7245 10000
7246 10000
7247 10000
7248 10000
7249 10000
7250 10000
7251 10000
7252 10000
7253 10000
7254 10000
7255 10000
7256 10000
7257 10000
7258 10000
7259 10000
7260 10000
7261 10000
7262 10000
7263 10000
7264 10000
7265 10000
7266 10000
7267 10000
7268 10000
7269 10000
7270 10000
7271 10000
7272 10000
7273 10000
7274 10000
7275 10000
7276 10000
7277 10000
7278 10000
7279 10000
7280 10000
7281 10000
7282 10000
7283 10000
7284 10000
7285 10000
7286 10000
7287 10000
7288 10000
7289 10000
7290 10000
7291 10000
7292 10000
7293 10000
7294 10000
7295 10000
7296 10000
7297 10000
7298 10000
7299 10000
7300 10000
7301 10000
7302 10000
7303 10000
7304 10000
7305 10000
7306 10000
7307 10000
7308 10000
7309 10000
7310 10000
7311 10000
7312 10000
7313 10000
7314 10000
7315 10000
7316 10000
7317 10000
7318 10000
7319 10000
7320 10000
7321 10000
7322 10000
7323 10000
7324 10000
7325 10000
7326 10000
7327 10000
7328 10000
7329 10000
7330 10000
7331 10000
7332 10000
7333 10000
7334 10000
7335 10000
7336 10000
7337 10000
7338 10000
7339 10000
7340 10000
7341 10000
7342 10000
7343 10000
7344 10000
7345 10000
7346 10000
7347 10000
7348 10000
7349 10000
7350 10000
7351 10000
7352 10000
7353 10000
7354 10000
7355 10000
7356 10000
7357 10000
7358 10000
7359 10000
7360 10000
7361 10000
7362 10000
7363 10000
7364 10000
7365 10000
7366 10000
7367 10000
7368 10000
7369 10000
7370 10000
7371 10000
7372 10000
7373 10000
7374 10000
7375 10000
7376 10000
7377 10000
7378 10000
7379 10000
7380 10000
7381 10000
7382 10000
7383 10000
7384 10000
7385 10000
7386 10000
7387 10000
7388 10000
7389 10000
7390 10000
7391 10000
7392 10000
7393 10000
7394 10000
7395 10000
7396 10000
7397 10000
7398 10000
7399 10000
7400 10000
7401 10000
7402 10000
7403 10000
7404 10000
7405 10000
7406 10000
7407 10000
7408 10000
7409 10000
7410 10000
7411 10000
7412 10000
7413 10000
7414 10000
7415 10000
7416 10000
7417 10000
7418 10000
7419 10000
7420 10000
7421 10000
7422 10000
7423 10000
7424 10000
7425 10000
7426 10000
7427 10000
7428 10000
7429 10000
7430 10000
7431 10000
7432 10000
7433 10000
7434 10000
7435 10000
7436 10000
7437 10000
7438 10000
7439 10000
7440 10000
7441 10000
7442 10000
7443 10000
7444 10000
7445 10000
7446 10000
7447 10000
7448 10000
7449 10000
7450 10000
7451 10000
7452 10000
7453 10000
7454 10000
7455 10000
7456 10000
7457 10000
7458 10000
7459 10000
7460 10000
7461 10000
7462 10000
7463 10000
7464 10000
7465 10000
7466 10000
7467 10000
7468 10000
7469 10000
7470 10000
7471 10000
7472 10000
7473 10000
7474 10000
7475 10000
7476 10000
7477 10000
7478 10000
7479 10000
7480 10000
7481 10000
7482 10000
7483 10000
7484 10000
7485 10000
7486 10000
7487 10000
7488 10000
7489 10000
7490 10000
7491 10000
7492 10000
7493 10000
7494 10000
7495 10000
7496 10000
7497 10000
7498 10000
7499 10000
7500 10000
7501 10000
7502 10000
7503 10000
7504 10000
7505 10000
7506 10000
7507 10000
7508 10000
7509 10000
7510 10000
7511 10000
7512 10000
7513 10000
7514 10000
7515 10000
7516 10000
7517 10000
7518 10000
7519 10000
7520 10000
7521 10000
7522 10000
7523 10000
7524 10000
7525 10000
7526 10000
7527 10000
7528 10000
7529 10000
7530 10000
7531 10000
7532 10000
7533 10000
7534 10000
7535 10000
7536 10000
7537 10000
7538 10000
7539 10000
7540 10000
7541 10000
7542 10000
7543 10000
7544 10000
7545 10000
7546 10000
7547 10000
7548 10000
7549 10000
7550 10000
7551 10000
7552 10000
7553 10000
7554 10000
7555 10000
7556 10000
7557 10000
7558 10000
7559 10000
7560 10000
7561 10000
7562 10000
7563 10000
7564 10000
7565 10000
7566 10000
7567 10000
7568 10000
7569 10000
7570 10000
7571 10000
7572 10000
7573 10000
7574 10000
7575 10000
7576 10000
7577 10000
7578 10000
7579 10000
7580 10000
7581 10000
7582 10000
7583 10000
7584 10000
7585 10000
7586 10000
7587 10000
7588 10000
7589 10000
7590 10000
7591 10000
7592 10000
7593 10000
7594 10000
7595 10000
7596 10000
7597 10000
7598 10000
7599 10000
7600 10000
7601 10000
7602 10000
7603 10000
7604 10000
7605 10000
7606 10000
7607 10000
7608 10000
7609 10000
7610 10000
7611 10000
7612 10000
7613 10000
7614 10000
7615 10000
7616 10000
7617 10000
7618 10000
7619 10000
7620 10000
7621 10000
7622 10000
7623 10000
7624 10000
7625 10000
7626 10000
7627 10000
7628 10000
7629 10000
7630 10000
7631 10000
7632 10000
7633 10000
7634 10000
7635 10000
7636 10000
7637 10000
7638 10000
7639 10000
7640 10000
7641 10000
7642 10000
7643 10000
7644 10000
7645 10000
7646 10000
7647 10000
7648 10000
7649 10000
7650 10000
7651 10000
7652 10000
7653 10000
7654 10000
7655 10000
7656 10000
7657 10000
7658 10000
7659 10000
7660 10000
7661 10000
7662 10000
7663 10000
7664 10000
7665 10000
7666 10000
7667 10000
7668 10000
7669 10000
7670 10000
7671 10000
7672 10000
7673 10000
7674 10000
7675 10000
7676 10000
7677 10000
7678 10000
7679 10000
7680 10000
7681 10000
7682 10000
7683 10000
7684 10000
7685 10000
7686 10000
7687 10000
7688 10000
7689 10000
7690 10000
7691 10000
7692 10000
7693 10000
7694 10000
7695 10000
7696 10000
7697 10000
7698 10000
7699 10000
7700 10000
7701 10000
7702 10000
7703 10000
7704 10000
7705 10000
7706 10000
7707 10000
7708 10000
7709 10000
7710 10000
7711 10000
7712 10000
7713 10000
7714 10000
7715 10000
7716 10000
7717 10000
7718 10000
7719 10000
7720 10000
7721 10000
7722 10000
7723 10000
7724 10000
7725 10000
7726 10000
7727 10000
7728 10000
7729 10000
7730 10000
7731 10000
7732 10000
7733 10000
7734 10000
7735 10000
7736 10000
7737 10000
7738 10000
7739 10000
7740 10000
7741 10000
7742 10000
7743 10000
7744 10000
7745 10000
7746 10000
7747 10000
7748 10000
7749 10000
7750 10000
7751 10000
7752 10000
7753 10000
7754 10000
7755 10000
7756 10000
7757 10000
7758 10000
7759 10000
7760 10000
7761 10000
7762 10000
7763 10000
7764 10000
7765 10000
7766 10000
7767 10000
7768 10000
7769 10000
7770 10000
7771 10000
7772 10000
7773 10000
7774 10000
7775 10000
7776 10000
7777 10000
7778 10000
7779 10000
7780 10000
7781 10000
7782 10000
7783 10000
7784 10000
7785 10000
7786 10000
7787 10000
7788 10000
7789 10000
7790 10000
7791 10000
7792 10000
7793 10000
7794 10000
7795 10000
7796 10000
7797 10000
7798 10000
7799 10000
7800 10000
7801 10000
7802 10000
7803 10000
7804 10000
7805 10000
7806 10000
7807 10000
7808 10000
7809 10000
7810 10000
7811 10000
7812 10000
7813 10000
7814 10000
7815 10000
7816 10000
7817 10000
7818 10000
7819 10000
7820 10000
7821 10000
7822 10000
7823 10000
7824 10000
7825 10000
7826 10000
7827 10000
7828 10000
7829 10000
7830 10000
7831 10000
7832 10000
7833 10000
7834 10000
7835 10000
7836 10000
7837 10000
7838 10000
7839 10000
7840 10000
7841 10000
7842 10000
7843 10000
7844 10000
7845 10000
7846 10000
7847 10000
7848 10000
7849 10000
7850 10000
7851 10000
7852 10000
7853 10000
7854 10000
7855 10000
7856 10000
7857 10000
7858 10000
7859 10000
7860 10000
7861 10000
7862 10000
7863 10000
7864 10000
7865 10000
7866 10000
7867 10000
7868 10000
7869 10000
7870 10000
7871 10000
7872 10000
7873 10000
7874 10000
7875 10000
7876 10000
7877 10000
7878 10000
7879 10000
7880 10000
7881 10000
7882 10000
7883 10000
7884 10000
7885 10000
7886 10000
7887 10000
7888 10000
7889 10000
7890 10000
7891 10000
7892 10000
7893 10000
7894 10000
7895 10000
7896 10000
7897 10000
7898 10000
7899 10000
7900 10000
7901 10000
7902 10000
7903 10000
7904 10000
7905 10000
7906 10000
7907 10000
7908 10000
7909 10000
7910 10000
7911 10000
7912 10000
7913 10000
7914 10000
7915 10000
7916 10000
7917 10000
7918 10000
7919 10000
7920 10000
7921 10000
7922 10000
7923 10000
7924 10000
7925 10000
7926 10000
7927 10000
7928 10000
7929 10000
7930 10000
7931 10000
7932 10000
7933 10000
7934 10000
7935 10000
7936 10000
7937 10000
7938 10000
7939 10000
7940 10000
7941 10000
7942 10000
7943 10000
7944 10000
7945 10000
7946 10000
7947 10000
7948 10000
7949 10000
7950 10000
7951 10000
7952 10000
7953 10000
7954 10000
7955 10000
7956 10000
7957 10000
7958 10000
7959 10000
7960 10000
7961 10000
7962 10000
7963 10000
7964 10000
7965 10000
7966 10000
7967 10000
7968 10000
7969 10000
7970 10000
7971 10000
7972 10000
7973 10000
7974 10000
7975 10000
7976 10000
7977 10000
7978 10000
7979 10000
7980 10000
7981 10000
7982 10000
7983 10000
7984 10000
7985 10000
7986 10000
7987 10000
7988 10000
7989 10000
7990 10000
7991 10000
7992 10000
7993 10000
7994 10000
7995 10000
7996 10000
7997 10000
7998 10000
7999 10000
8000 10000
8001 10000
8002 10000
8003 10000
8004 10000
8005 10000
8006 10000
8007 10000
8008 10000
8009 10000
8010 10000
8011 10000
8012 10000
8013 10000
8014 10000
8015 10000
8016 10000
8017 10000
8018 10000
8019 10000
8020 10000
8021 10000
8022 10000
8023 10000
8024 10000
8025 10000
8026 10000
8027 10000
8028 10000
8029 10000
8030 10000
8031 10000
8032 10000
8033 10000
8034 10000
8035 10000
8036 10000
8037 10000
8038 10000
8039 10000
8040 10000
8041 10000
8042 10000
8043 10000
8044 10000
8045 10000
8046 10000
8047 10000
8048 10000
8049 10000
8050 10000
8051 10000
8052 10000
8053 10000
8054 10000
8055 10000
8056 10000
8057 10000
8058 10000
8059 10000
8060 10000
8061 10000
8062 10000
8063 10000
8064 10000
8065 10000
8066 10000
8067 10000
8068 10000
8069 10000
8070 10000
8071 10000
8072 10000
8073 10000
8074 10000
8075 10000
8076 10000
8077 10000
8078 10000
8079 10000
8080 10000
8081 10000
8082 10000
8083 10000
8084 10000
8085 10000
8086 10000
8087 10000
8088 10000
8089 10000
8090 10000
8091 10000
8092 10000
8093 10000
8094 10000
8095 10000
8096 10000
8097 10000
8098 10000
8099 10000
8100 10000
8101 10000
8102 10000
8103 10000
8104 10000
8105 10000
8106 10000
8107 10000
8108 10000
8109 10000
8110 10000
8111 10000
8112 10000
8113 10000
8114 10000
8115 10000
8116 10000
8117 10000
8118 10000
8119 10000
8120 10000
8121 10000
8122 10000
8123 10000
8124 10000
8125 10000
8126 10000
8127 10000
8128 10000
8129 10000
8130 10000
8131 10000
8132 10000
8133 10000
8134 10000
8135 10000
8136 10000
8137 10000
8138 10000
8139 10000
8140 10000
8141 10000
8142 10000
8143 10000
8144 10000
8145 10000
8146 10000
8147 10000
8148 10000
8149 10000
8150 10000
8151 10000
8152 10000
8153 10000
8154 10000
8155 10000
8156 10000
8157 10000
8158 10000
8159 10000
8160 10000
8161 10000
8162 10000
8163 10000
8164 10000
8165 10000
8166 10000
8167 10000
8168 10000
8169 10000
8170 10000
8171 10000
8172 10000
8173 10000
8174 10000
8175 10000
8176 10000
8177 10000
8178 10000
8179 10000
8180 10000
8181 10000
8182 10000
8183 10000
8184 10000
8185 10000
8186 10000
8187 10000
8188 10000
8189 10000
8190 10000
8191 10000
8192 10000
8193 10000
8194 10000
8195 10000
8196 10000
8197 10000
8198 10000
8199 10000
8200 10000
8201 10000
8202 10000
8203 10000
8204 10000
8205 10000
8206 10000
8207 10000
8208 10000
8209 10000
8210 10000
8211 10000
8212 10000
8213 10000
8214 10000
8215 10000
8216 10000
8217 10000
8218 10000
8219 10000
8220 10000
8221 10000
8222 10000
8223 10000
8224 10000
8225 10000
8226 10000
8227 10000
8228 10000
8229 10000
8230 10000
8231 10000
8232 10000
8233 10000
8234 10000
8235 10000
8236 10000
8237 10000
8238 10000
8239 10000
8240 10000
8241 10000
8242 10000
8243 10000
8244 10000
8245 10000
8246 10000
8247 10000
8248 10000
8249 10000
8250 10000
8251 10000
8252 10000
8253 10000
8254 10000
8255 10000
8256 10000
8257 10000
8258 10000
8259 10000
8260 10000
8261 10000
8262 10000
8263 10000
8264 10000
8265 10000
8266 10000
8267 10000
8268 10000
8269 10000
8270 10000
8271 10000
8272 10000
8273 10000
8274 10000
8275 10000
8276 10000
8277 10000
8278 10000
8279 10000
8280 10000
8281 10000
8282 10000
8283 10000
8284 10000
8285 10000
8286 10000
8287 10000
8288 10000
8289 10000
8290 10000
8291 10000
8292 10000
8293 10000
8294 10000
8295 10000
8296 10000
8297 10000
8298 10000
8299 10000
8300 10000
8301 10000
8302 10000
8303 10000
8304 10000
8305 10000
8306 10000
8307 10000
8308 10000
8309 10000
8310 10000
8311 10000
8312 10000
8313 10000
8314 10000
8315 10000
8316 10000
8317 10000
8318 10000
8319 10000
8320 10000
8321 10000
8322 10000
8323 10000
8324 10000
8325 10000
8326 10000
8327 10000
8328 10000
8329 10000
8330 10000
8331 10000
8332 10000
8333 10000
8334 10000
8335 10000
8336 10000
8337 10000
8338 10000
8339 10000
8340 10000
8341 10000
8342 10000
8343 10000
8344 10000
8345 10000
8346 10000
8347 10000
8348 10000
8349 10000
8350 10000
8351 10000
8352 10000
8353 10000
8354 10000
8355 10000
8356 10000
8357 10000
8358 10000
8359 10000
8360 10000
8361 10000
8362 10000
8363 10000
8364 10000
8365 10000
8366 10000
8367 10000
8368 10000
8369 10000
8370 10000
8371 10000
8372 10000
8373 10000
8374 10000
8375 10000
8376 10000
8377 10000
8378 10000
8379 10000
8380 10000
8381 10000
8382 10000
8383 10000
8384 10000
8385 10000
8386 10000
8387 10000
8388 10000
8389 10000
8390 10000
8391 10000
8392 10000
8393 10000
8394 10000
8395 10000
8396 10000
8397 10000
8398 10000
8399 10000
8400 10000
8401 10000
8402 10000
8403 10000
8404 10000
8405 10000
8406 10000
8407 10000
8408 10000
8409 10000
8410 10000
8411 10000
8412 10000
8413 10000
8414 10000
8415 10000
8416 10000
8417 10000
8418 10000
8419 10000
8420 10000
8421 10000
8422 10000
8423 10000
8424 10000
8425 10000
8426 10000
8427 10000
8428 10000
8429 10000
8430 10000
8431 10000
8432 10000
8433 10000
8434 10000
8435 10000
8436 10000
8437 10000
8438 10000
8439 10000
8440 10000
8441 10000
8442 10000
8443 10000
8444 10000
8445 10000
8446 10000
8447 10000
8448 10000
8449 10000
8450 10000
8451 10000
8452 10000
8453 10000
8454 10000
8455 10000
8456 10000
8457 10000
8458 10000
8459 10000
8460 10000
8461 10000
8462 10000
8463 10000
8464 10000
8465 10000
8466 10000
8467 10000
8468 10000
8469 10000
8470 10000
8471 10000
8472 10000
8473 10000
8474 10000
8475 10000
8476 10000
8477 10000
8478 10000
8479 10000
8480 10000
8481 10000
8482 10000
8483 10000
8484 10000
8485 10000
8486 10000
8487 10000
8488 10000
8489 10000
8490 10000
8491 10000
8492 10000
8493 10000
8494 10000
8495 10000
8496 10000
8497 10000
8498 10000
8499 10000
8500 10000
8501 10000
8502 10000
8503 10000
8504 10000
8505 10000
8506 10000
8507 10000
8508 10000
8509 10000
8510 10000
8511 10000
8512 10000
8513 10000
8514 10000
8515 10000
8516 10000
8517 10000
8518 10000
8519 10000
8520 10000
8521 10000
8522 10000
8523 10000
8524 10000
8525 10000
8526 10000
8527 10000
8528 10000
8529 10000
8530 10000
8531 10000
8532 10000
8533 10000
8534 10000
8535 10000
8536 10000
8537 10000
8538 10000
8539 10000
8540 10000
8541 10000
8542 10000
8543 10000
8544 10000
8545 10000
8546 10000
8547 10000
8548 10000
8549 10000
8550 10000
8551 10000
8552 10000
8553 10000
8554 10000
8555 10000
8556 10000
8557 10000
8558 10000
8559 10000
8560 10000
8561 10000
8562 10000
8563 10000
8564 10000
8565 10000
8566 10000
8567 10000
8568 10000
8569 10000
8570 10000
8571 10000
8572 10000
8573 10000
8574 10000
8575 10000
8576 10000
8577 10000
8578 10000
8579 10000
8580 10000
8581 10000
8582 10000
8583 10000
8584 10000
8585 10000
8586 10000
8587 10000
8588 10000
8589 10000
8590 10000
8591 10000
8592 10000
8593 10000
8594 10000
8595 10000
8596 10000
8597 10000
8598 10000
8599 10000
8600 10000
8601 10000
8602 10000
8603 10000
8604 10000
8605 10000
8606 10000
8607 10000
8608 10000
8609 10000
8610 10000
8611 10000
8612 10000
8613 10000
8614 10000
8615 10000
8616 10000
8617 10000
8618 10000
8619 10000
8620 10000
8621 10000
8622 10000
8623 10000
8624 10000
8625 10000
8626 10000
8627 10000
8628 10000
8629 10000
8630 10000
8631 10000
8632 10000
8633 10000
8634 10000
8635 10000
8636 10000
8637 10000
8638 10000
8639 10000
8640 10000
8641 10000
8642 10000
8643 10000
8644 10000
8645 10000
8646 10000
8647 10000
8648 10000
8649 10000
8650 10000
8651 10000
8652 10000
8653 10000
8654 10000
8655 10000
8656 10000
8657 10000
8658 10000
8659 10000
8660 10000
8661 10000
8662 10000
8663 10000
8664 10000
8665 10000
8666 10000
8667 10000
8668 10000
8669 10000
8670 10000
8671 10000
8672 10000
8673 10000
8674 10000
8675 10000
8676 10000
8677 10000
8678 10000
8679 10000
8680 10000
8681 10000
8682 10000
8683 10000
8684 10000
8685 10000
8686 10000
8687 10000
8688 10000
8689 10000
8690 10000
8691 10000
8692 10000
8693 10000
8694 10000
8695 10000
8696 10000
8697 10000
8698 10000
8699 10000
8700 10000
8701 10000
8702 10000
8703 10000
8704 10000
8705 10000
8706 10000
8707 10000
8708 10000
8709 10000
8710 10000
8711 10000
8712 10000
8713 10000
8714 10000
8715 10000
8716 10000
8717 10000
8718 10000
8719 10000
8720 10000
8721 10000
8722 10000
8723 10000
8724 10000
8725 10000
8726 10000
8727 10000
8728 10000
8729 10000
8730 10000
8731 10000
8732 10000
8733 10000
8734 10000
8735 10000
8736 10000
8737 10000
8738 10000
8739 10000
8740 10000
8741 10000
8742 10000
8743 10000
8744 10000
8745 10000
8746 10000
8747 10000
8748 10000
8749 10000
8750 10000
8751 10000
8752 10000
8753 10000
8754 10000
8755 10000
8756 10000
8757 10000
8758 10000
8759 10000
8760 10000
8761 10000
8762 10000
8763 10000
8764 10000
8765 10000
8766 10000
8767 10000
8768 10000
8769 10000
8770 10000
8771 10000
8772 10000
8773 10000
8774 10000
8775 10000
8776 10000
8777 10000
8778 10000
8779 10000
8780 10000
8781 10000
8782 10000
8783 10000
8784 10000
8785 10000
8786 10000
8787 10000
8788 10000
8789 10000
8790 10000
8791 10000
8792 10000
8793 10000
8794 10000
8795 10000
8796 10000
8797 10000
8798 10000
8799 10000
8800 10000
8801 10000
8802 10000
8803 10000
8804 10000
8805 10000
8806 10000
8807 10000
8808 10000
8809 10000
8810 10000
8811 10000
8812 10000
8813 10000
8814 10000
8815 10000
8816 10000
8817 10000
8818 10000
8819 10000
8820 10000
8821 10000
8822 10000
8823 10000
8824 10000
8825 10000
8826 10000
8827 10000
8828 10000
8829 10000
8830 10000
8831 10000
8832 10000
8833 10000
8834 10000
8835 10000
8836 10000
8837 10000
8838 10000
8839 10000
8840 10000
8841 10000
8842 10000
8843 10000
8844 10000
8845 10000
8846 10000
8847 10000
8848 10000
8849 10000
8850 10000
8851 10000
8852 10000
8853 10000
8854 10000
8855 10000
8856 10000
8857 10000
8858 10000
8859 10000
8860 10000
8861 10000
8862 10000
8863 10000
8864 10000
8865 10000
8866 10000
8867 10000
8868 10000
8869 10000
8870 10000
8871 10000
8872 10000
8873 10000
8874 10000
8875 10000
8876 10000
8877 10000
8878 10000
8879 10000
8880 10000
8881 10000
8882 10000
8883 10000
8884 10000
8885 10000
8886 10000
8887 10000
8888 10000
8889 10000
8890 10000
8891 10000
8892 10000
8893 10000
8894 10000
8895 10000
8896 10000
8897 10000
8898 10000
8899 10000
8900 10000
8901 10000
8902 10000
8903 10000
8904 10000
8905 10000
8906 10000
8907 10000
8908 10000
8909 10000
8910 10000
8911 10000
8912 10000
8913 10000
8914 10000
8915 10000
8916 10000
8917 10000
8918 10000
8919 10000
8920 10000
8921 10000
8922 10000
8923 10000
8924 10000
8925 10000
8926 10000
8927 10000
8928 10000
8929 10000
8930 10000
8931 10000
8932 10000
8933 10000
8934 10000
8935 10000
8936 10000
8937 10000
8938 10000
8939 10000
8940 10000
8941 10000
8942 10000
8943 10000
8944 10000
8945 10000
8946 10000
8947 10000
8948 10000
8949 10000
8950 10000
8951 10000
8952 10000
8953 10000
8954 10000
8955 10000
8956 10000
8957 10000
8958 10000
8959 10000
8960 10000
8961 10000
8962 10000
8963 10000
8964 10000
8965 10000
8966 10000
8967 10000
8968 10000
8969 10000
8970 10000
8971 10000
8972 10000
8973 10000
8974 10000
8975 10000
8976 10000
8977 10000
8978 10000
8979 10000
8980 10000
8981 10000
8982 10000
8983 10000
8984 10000
8985 10000
8986 10000
8987 10000
8988 10000
8989 10000
8990 10000
8991 10000
8992 10000
8993 10000
8994 10000
8995 10000
8996 10000
8997 10000
8998 10000
8999 10000
9000 10000
9001 10000
9002 10000
9003 10000
9004 10000
9005 10000
9006 10000
9007 10000
9008 10000
9009 10000
9010 10000
9011 10000
9012 10000
9013 10000
9014 10000
9015 10000
9016 10000
9017 10000
9018 10000
9019 10000
9020 10000
9021 10000
9022 10000
9023 10000
9024 10000
9025 10000
9026 10000
9027 10000
9028 10000
9029 10000
9030 10000
9031 10000
9032 10000
9033 10000
9034 10000
9035 10000
9036 10000
9037 10000
9038 10000
9039 10000
9040 10000
9041 10000
9042 10000
9043 10000
9044 10000
9045 10000
9046 10000
9047 10000
9048 10000
9049 10000
9050 10000
9051 10000
9052 10000
9053 10000
9054 10000
9055 10000
9056 10000
9057 10000
9058 10000
9059 10000
9060 10000
9061 10000
9062 10000
9063 10000
9064 10000
9065 10000
9066 10000
9067 10000
9068 10000
9069 10000
9070 10000
9071 10000
9072 10000
9073 10000
9074 10000
9075 10000
9076 10000
9077 10000
9078 10000
9079 10000
9080 10000
9081 10000
9082 10000
9083 10000
9084 10000
9085 10000
9086 10000
9087 10000
9088 10000
9089 10000
9090 10000
9091 10000
9092 10000
9093 10000
9094 10000
9095 10000
9096 10000
9097 10000
9098 10000
9099 10000
9100 10000
9101 10000
9102 10000
9103 10000
9104 10000
9105 10000
9106 10000
9107 10000
9108 10000
9109 10000
9110 10000
9111 10000
9112 10000
9113 10000
9114 10000
9115 10000
9116 10000
9117 10000
9118 10000
9119 10000
9120 10000
9121 10000
9122 10000
9123 10000
9124 10000
9125 10000
9126 10000
9127 10000
9128 10000
9129 10000
9130 10000
9131 10000
9132 10000
9133 10000
9134 10000
9135 10000
9136 10000
9137 10000
9138 10000
9139 10000
9140 10000
9141 10000
9142 10000
9143 10000
9144 10000
9145 10000
9146 10000
9147 10000
9148 10000
9149 10000
9150 10000
9151 10000
9152 10000
9153 10000
9154 10000
9155 10000
9156 10000
9157 10000
9158 10000
9159 10000
9160 10000
9161 10000
9162 10000
9163 10000
9164 10000
9165 10000
9166 10000
9167 10000
9168 10000
9169 10000
9170 10000
9171 10000
9172 10000
9173 10000
9174 10000
9175 10000
9176 10000
9177 10000
9178 10000
9179 10000
9180 10000
9181 10000
9182 10000
9183 10000
9184 10000
9185 10000
9186 10000
9187 10000
9188 10000
9189 10000
9190 10000
9191 10000
9192 10000
9193 10000
9194 10000
9195 10000
9196 10000
9197 10000
9198 10000
9199 10000
9200 10000
9201 10000
9202 10000
9203 10000
9204 10000
9205 10000
9206 10000
9207 10000
9208 10000
9209 10000
9210 10000
9211 10000
9212 10000
9213 10000
9214 10000
9215 10000
9216 10000
9217 10000
9218 10000
9219 10000
9220 10000
9221 10000
9222 10000
9223 10000
9224 10000
9225 10000
9226 10000
9227 10000
9228 10000
9229 10000
9230 10000
9231 10000
9232 10000
9233 10000
9234 10000
9235 10000
9236 10000
9237 10000
9238 10000
9239 10000
9240 10000
9241 10000
9242 10000
9243 10000
9244 10000
9245 10000
9246 10000
9247 10000
9248 10000
9249 10000
9250 10000
9251 10000
9252 10000
9253 10000
9254 10000
9255 10000
9256 10000
9257 10000
9258 10000
9259 10000
9260 10000
9261 10000
9262 10000
9263 10000
9264 10000
9265 10000
9266 10000
9267 10000
9268 10000
9269 10000
9270 10000
9271 10000
9272 10000
9273 10000
9274 10000
9275 10000
9276 10000
9277 10000
9278 10000
9279 10000
9280 10000
9281 10000
9282 10000
9283 10000
9284 10000
9285 10000
9286 10000
9287 10000
9288 10000
9289 10000
9290 10000
9291 10000
9292 10000
9293 10000
9294 10000
9295 10000
9296 10000
9297 10000
9298 10000
9299 10000
9300 10000
9301 10000
9302 10000
9303 10000
9304 10000
9305 10000
9306 10000
9307 10000
9308 10000
9309 10000
9310 10000
9311 10000
9312 10000
9313 10000
9314 10000
9315 10000
9316 10000
9317 10000
9318 10000
9319 10000
9320 10000
9321 10000
9322 10000
9323 10000
9324 10000
9325 10000
9326 10000
9327 10000
9328 10000
9329 10000
9330 10000
9331 10000
9332 10000
9333 10000
9334 10000
9335 10000
9336 10000
9337 10000
9338 10000
9339 10000
9340 10000
9341 10000
9342 10000
9343 10000
9344 10000
9345 10000
9346 10000
9347 10000
9348 10000
9349 10000
9350 10000
9351 10000
9352 10000
9353 10000
9354 10000
9355 10000
9356 10000
9357 10000
9358 10000
9359 10000
9360 10000
9361 10000
9362 10000
9363 10000
9364 10000
9365 10000
9366 10000
9367 10000
9368 10000
9369 10000
9370 10000
9371 10000
9372 10000
9373 10000
9374 10000
9375 10000
9376 10000
9377 10000
9378 10000
9379 10000
9380 10000
9381 10000
9382 10000
9383 10000
9384 10000
9385 10000
9386 10000
9387 10000
9388 10000
9389 10000
9390 10000
9391 10000
9392 10000
9393 10000
9394 10000
9395 10000
9396 10000
9397 10000
9398 10000
9399 10000
9400 10000
9401 10000
9402 10000
9403 10000
9404 10000
9405 10000
9406 10000
9407 10000
9408 10000
9409 10000
9410 10000
9411 10000
9412 10000
9413 10000
9414 10000
9415 10000
9416 10000
9417 10000
9418 10000
9419 10000
9420 10000
9421 10000
9422 10000
9423 10000
9424 10000
9425 10000
9426 10000
9427 10000
9428 10000
9429 10000
9430 10000
9431 10000
9432 10000
9433 10000
9434 10000
9435 10000
9436 10000
9437 10000
9438 10000
9439 10000
9440 10000
9441 10000
9442 10000
9443 10000
9444 10000
9445 10000
9446 10000
9447 10000
9448 10000
9449 10000
9450 10000
9451 10000
9452 10000
9453 10000
9454 10000
9455 10000
9456 10000
9457 10000
9458 10000
9459 10000
9460 10000
9461 10000
9462 10000
9463 10000
9464 10000
9465 10000
9466 10000
9467 10000
9468 10000
9469 10000
9470 10000
9471 10000
9472 10000
9473 10000
9474 10000
9475 10000
9476 10000
9477 10000
9478 10000
9479 10000
9480 10000
9481 10000
9482 10000
9483 10000
9484 10000
9485 10000
9486 10000
9487 10000
9488 10000
9489 10000
9490 10000
9491 10000
9492 10000
9493 10000
9494 10000
9495 10000
9496 10000
9497 10000
9498 10000
9499 10000
9500 10000
9501 10000
9502 10000
9503 10000
9504 10000
9505 10000
9506 10000
9507 10000
9508 10000
9509 10000
9510 10000
9511 10000
9512 10000
9513 10000
9514 10000
9515 10000
9516 10000
9517 10000
9518 10000
9519 10000
9520 10000
9521 10000
9522 10000
9523 10000
9524 10000
9525 10000
9526 10000
9527 10000
9528 10000
9529 10000
9530 10000
9531 10000
9532 10000
9533 10000
9534 10000
9535 10000
9536 10000
9537 10000
9538 10000
9539 10000
9540 10000
9541 10000
9542 10000
9543 10000
9544 10000
9545 10000
9546 10000
9547 10000
9548 10000
9549 10000
9550 10000
9551 10000
9552 10000
9553 10000
9554 10000
9555 10000
9556 10000
9557 10000
9558 10000
9559 10000
9560 10000
9561 10000
9562 10000
9563 10000
9564 10000
9565 10000
9566 10000
9567 10000
9568 10000
9569 10000
9570 10000
9571 10000
9572 10000
9573 10000
9574 10000
9575 10000
9576 10000
9577 10000
9578 10000
9579 10000
9580 10000
9581 10000
9582 10000
9583 10000
9584 10000
9585 10000
9586 10000
9587 10000
9588 10000
9589 10000
9590 10000
9591 10000
9592 10000
9593 10000
9594 10000
9595 10000
9596 10000
9597 10000
9598 10000
9599 10000
9600 10000
9601 10000
9602 10000
9603 10000
9604 10000
9605 10000
9606 10000
9607 10000
9608 10000
9609 10000
9610 10000
9611 10000
9612 10000
9613 10000
9614 10000
9615 10000
9616 10000
9617 10000
9618 10000
9619 10000
9620 10000
9621 10000
9622 10000
9623 10000
9624 10000
9625 10000
9626 10000
9627 10000
9628 10000
9629 10000
9630 10000
9631 10000
9632 10000
9633 10000
9634 10000
9635 10000
9636 10000
9637 10000
9638 10000
9639 10000
9640 10000
9641 10000
9642 10000
9643 10000
9644 10000
9645 10000
9646 10000
9647 10000
9648 10000
9649 10000
9650 10000
9651 10000
9652 10000
9653 10000
9654 10000
9655 10000
9656 10000
9657 10000
9658 10000
9659 10000
9660 10000
9661 10000
9662 10000
9663 10000
9664 10000
9665 10000
9666 10000
9667 10000
9668 10000
9669 10000
9670 10000
9671 10000
9672 10000
9673 10000
9674 10000
9675 10000
9676 10000
9677 10000
9678 10000
9679 10000
9680 10000
9681 10000
9682 10000
9683 10000
9684 10000
9685 10000
9686 10000
9687 10000
9688 10000
9689 10000
9690 10000
9691 10000
9692 10000
9693 10000
9694 10000
9695 10000
9696 10000
9697 10000
9698 10000
9699 10000
9700 10000
9701 10000
9702 10000
9703 10000
9704 10000
9705 10000
9706 10000
9707 10000
9708 10000
9709 10000
9710 10000
9711 10000
9712 10000
9713 10000
9714 10000
9715 10000
9716 10000
9717 10000
9718 10000
9719 10000
9720 10000
9721 10000
9722 10000
9723 10000
9724 10000
9725 10000
9726 10000
9727 10000
9728 10000
9729 10000
9730 10000
9731 10000
9732 10000
9733 10000
9734 10000
9735 10000
9736 10000
9737 10000
9738 10000
9739 10000
9740 10000
9741 10000
9742 10000
9743 10000
9744 10000
9745 10000
9746 10000
9747 10000
9748 10000
9749 10000
9750 10000
9751 10000
9752 10000
9753 10000
9754 10000
9755 10000
9756 10000
9757 10000
9758 10000
9759 10000
9760 10000
9761 10000
9762 10000
9763 10000
9764 10000
9765 10000
9766 10000
9767 10000
9768 10000
9769 10000
9770 10000
9771 10000
9772 10000
9773 10000
9774 10000
9775 10000
9776 10000
9777 10000
9778 10000
9779 10000
9780 10000
9781 10000
9782 10000
9783 10000
9784 10000
9785 10000
9786 10000
9787 10000
9788 10000
9789 10000
9790 10000
9791 10000
9792 10000
9793 10000
9794 10000
9795 10000
9796 10000
9797 10000
9798 10000
9799 10000
9800 10000
9801 10000
9802 10000
9803 10000
9804 10000
9805 10000
9806 10000
9807 10000
9808 10000
9809 10000
9810 10000
9811 10000
9812 10000
9813 10000
9814 10000
9815 10000
9816 10000
9817 10000
9818 10000
9819 10000
9820 10000
9821 10000
9822 10000
9823 10000
9824 10000
9825 10000
9826 10000
9827 10000
9828 10000
9829 10000
9830 10000
9831 10000
9832 10000
9833 10000
9834 10000
9835 10000
9836 10000
9837 10000
9838 10000
9839 10000
9840 10000
9841 10000
9842 10000
9843 10000
9844 10000
9845 10000
9846 10000
9847 10000
9848 10000
9849 10000
9850 10000
9851 10000
9852 10000
9853 10000
9854 10000
9855 10000
9856 10000
9857 10000
9858 10000
9859 10000
9860 10000
9861 10000
9862 10000
9863 10000
9864 10000
9865 10000
9866 10000
9867 10000
9868 10000
9869 10000
9870 10000
9871 10000
9872 10000
9873 10000
9874 10000
9875 10000
9876 10000
9877 10000
9878 10000
9879 10000
9880 10000
9881 10000
9882 10000
9883 10000
9884 10000
9885 10000
9886 10000
9887 10000
9888 10000
9889 10000
9890 10000
9891 10000
9892 10000
9893 10000
9894 10000
9895 10000
9896 10000
9897 10000
9898 10000
9899 10000
9900 10000
9901 10000
9902 10000
9903 10000
9904 10000
9905 10000
9906 10000
9907 10000
9908 10000
9909 10000
9910 10000
9911 10000
9912 10000
9913 10000
9914 10000
9915 10000
9916 10000
9917 10000
9918 10000
9919 10000
9920 10000
9921 10000
9922 10000
9923 10000
9924 10000
9925 10000
9926 10000
9927 10000
9928 10000
9929 10000
9930 10000
9931 10000
9932 10000
9933 10000
9934 10000
9935 10000
9936 10000
9937 10000
9938 10000
9939 10000
9940 10000
9941 10000
9942 10000
9943 10000
9944 10000
9945 10000
9946 10000
9947 10000
9948 10000
9949 10000
9950 10000
9951 10000
9952 10000
9953 10000
9954 10000
9955 10000
9956 10000
9957 10000
9958 10000
9959 10000
9960 10000
9961 10000
9962 10000
9963 10000
9964 10000
9965 10000
9966 10000
9967 10000
9968 10000
9969 10000
9970 10000
9971 10000
9972 10000
9973 10000
9974 10000
9975 10000
9976 10000
9977 10000
9978 10000
9979 10000
9980 10000
9981 10000
9982 10000
9983 10000
9984 10000
9985 10000
9986 10000
9987 10000
9988 10000
9989 10000
9990 10000
9991 10000
9992 10000
9993 10000
9994 10000
9995 10000
9996 10000
9997 10000
9998 10000
9999 10000
10000 10000
10001 10000
10002 10000
10003 10000
10004 10000
10005 10000
10006 10000
10007 10000
10008 10000
10009 10000
10010 10000
10011 10000
10012 10000
10013 10000
10014 10000
10015 10000
10016 10000
10017 10000
10018 10000
10019 10000
10020 10000
10021 10000
10022 10000
10023 10000
10024 10000
10025 10000
10026 10000
10027 10000
10028 10000
10029 10000
10030 10000
10031 10000
10032 10000
10033 10000
10034 10000
10035 10000
10036 10000
10037 10000
10038 10000
10039 10000
10040 10000
10041 10000
10042 10000
10043 10000
10044 10000
10045 10000
10046 10000
10047 10000
10048 10000
10049 10000
10050 10000
10051 10000
10052 10000
10053 10000
10054 10000
10055 10000
10056 10000
10057 10000
10058 10000
10059 10000
10060 10000
10061 10000
10062 10000
10063 10000
10064 10000
10065 10000
10066 10000
10067 10000
10068 10000
10069 10000
10070 10000
10071 10000
10072 10000
10073 10000
10074 10000
10075 10000
10076 10000
10077 10000
10078 10000
10079 10000
10080 10000
10081 10000
10082 10000
10083 10000
10084 10000
10085 10000
10086 10000
10087 10000
10088 10000
10089 10000
10090 10000
10091 10000
10092 10000
10093 10000
10094 10000
10095 10000
10096 10000
10097 10000
10098 10000
10099 10000
10100 10000
10101 10000
10102 10000
10103 10000
10104 10000
10105 10000
10106 10000
10107 10000
10108 10000
10109 10000
10110 10000
10111 10000
10112 10000
10113 10000
10114 10000
10115 10000
10116 10000
10117 10000
10118 10000
10119 10000
10120 10000
10121 10000
10122 10000
10123 10000
10124 10000
10125 10000
10126 10000
10127 10000
10128 10000
10129 10000
10130 10000
10131 10000
10132 10000
10133 10000
10134 10000
10135 10000
10136 10000
10137 10000
10138 10000
10139 10000
10140 10000
10141 10000
10142 10000
10143 10000
10144 10000
10145 10000
10146 10000
10147 10000
10148 10000
10149 10000
10150 10000
10151 10000
10152 10000
10153 10000
10154 10000
10155 10000
10156 10000
10157 10000
10158 10000
10159 10000
10160 10000
10161 10000
10162 10000
10163 10000
10164 10000
10165 10000
10166 10000
10167 10000
10168 10000
10169 10000
10170 10000
10171 10000
10172 10000
10173 10000
10174 10000
10175 10000
10176 10000
10177 10000
10178 10000
10179 10000
10180 10000
10181 10000
10182 10000
10183 10000
10184 10000
10185 10000
10186 10000
10187 10000
10188 10000
10189 10000
10190 10000
10191 10000
10192 10000
10193 10000
10194 10000
10195 10000
10196 10000
10197 10000
10198 10000
10199 10000
10200 10000
10201 10000
10202 10000
10203 10000
10204 10000
10205 10000
10206 10000
10207 10000
10208 10000
10209 10000
10210 10000
10211 10000
10212 10000
10213 10000
10214 10000
10215 10000
10216 10000
10217 10000
10218 10000
10219 10000
10220 10000
10221 10000
10222 10000
10223 10000
10224 10000
10225 10000
10226 10000
10227 10000
10228 10000
10229 10000
10230 10000
10231 10000
10232 10000
10233 10000
10234 10000
10235 10000
10236 10000
10237 10000
10238 10000
10239 10000
10240 10000
10241 10000
10242 10000
10243 10000
10244 10000
10245 10000
10246 10000
10247 10000
10248 10000
10249 10000
10250 10000
10251 10000
10252 10000
10253 10000
10254 10000
10255 10000
10256 10000
10257 10000
10258 10000
10259 10000
10260 10000
10261 10000
10262 10000
10263 10000
10264 10000
10265 10000
10266 10000
10267 10000
10268 10000
10269 10000
10270 10000
10271 10000
10272 10000
10273 10000
10274 10000
10275 10000
10276 10000
10277 10000
10278 10000
10279 10000
10280 10000
10281 10000
10282 10000
10283 10000
10284 10000
10285 10000
10286 10000
10287 10000
10288 10000
10289 10000
10290 10000
10291 10000
10292 10000
10293 10000
10294 10000
10295 10000
10296 10000
10297 10000
10298 10000
10299 10000
10300 10000
10301 10000
10302 10000
10303 10000
10304 10000
10305 10000
10306 10000
10307 10000
10308 10000
10309 10000
10310 10000
10311 10000
10312 10000
10313 10000
10314 10000
10315 10000
10316 10000
10317 10000
10318 10000
10319 10000
10320 10000
10321 10000
10322 10000
10323 10000
10324 10000
10325 10000
10326 10000
10327 10000
10328 10000
10329 10000
10330 10000
10331 10000
10332 10000
10333 10000
10334 10000
10335 10000
10336 10000
10337 10000
10338 10000
10339 10000
10340 10000
10341 10000
10342 10000
10343 10000
10344 10000
10345 10000
10346 10000
10347 10000
10348 10000
10349 10000
10350 10000
10351 10000
10352 10000
10353 10000
10354 10000
10355 10000
10356 10000
10357 10000
10358 10000
10359 10000
10360 10000
10361 10000
10362 10000
10363 10000
10364 10000
10365 10000
10366 10000
10367 10000
10368 10000
10369 10000
10370 10000
10371 10000
10372 10000
10373 10000
10374 10000
10375 10000
10376 10000
10377 10000
10378 10000
10379 10000
10380 10000
10381 10000
10382 10000
10383 10000
10384 10000
10385 10000
10386 10000
10387 10000
10388 10000
10389 10000
10390 10000
10391 10000
10392 10000
10393 10000
10394 10000
10395 10000
10396 10000
10397 10000
10398 10000
10399 10000
10400 10000
10401 10000
10402 10000
10403 10000
10404 10000
10405 10000
10406 10000
10407 10000
10408 10000
10409 10000
10410 10000
10411 10000
10412 10000
10413 10000
10414 10000
10415 10000
10416 10000
10417 10000
10418 10000
10419 10000
10420 10000
10421 10000
10422 10000
10423 10000
10424 10000
10425 10000
10426 10000
10427 10000
10428 10000
10429 10000
10430 10000
10431 10000
10432 10000
10433 10000
10434 10000
10435 10000
10436 10000
10437 10000
10438 10000
10439 10000
10440 10000
10441 10000
10442 10000
10443 10000
10444 10000
10445 10000
10446 10000
10447 10000
10448 10000
10449 10000
10450 10000
10451 10000
10452 10000
10453 10000
10454 10000
10455 10000
10456 10000
10457 10000
10458 10000
10459 10000
10460 10000
10461 10000
10462 10000
10463 10000
10464 10000
10465 10000
10466 10000
10467 10000
10468 10000
10469 10000
10470 10000
10471 10000
10472 10000
10473 10000
10474 10000
10475 10000
10476 10000
10477 10000
10478 10000
10479 10000
10480 10000
10481 10000
10482 10000
10483 10000
10484 10000
10485 10000
10486 10000
10487 10000
10488 10000
10489 10000
10490 10000
10491 10000
10492 10000
10493 10000
10494 10000
10495 10000
10496 10000
10497 10000
10498 10000
10499 10000
10500 10000
10501 10000
10502 10000
10503 10000
10504 10000
10505 10000
10506 10000
10507 10000
10508 10000
10509 10000
10510 10000
10511 10000
10512 10000
10513 10000
10514 10000
10515 10000
10516 10000
10517 10000
10518 10000
10519 10000
10520 10000
10521 10000
10522 10000
10523 10000
10524 10000
10525 10000
10526 10000
10527 10000
10528 10000
10529 10000
10530 10000
10531 10000
10532 10000
10533 10000
10534 10000
10535 10000
10536 10000
10537 10000
10538 10000
10539 10000
10540 10000
10541 10000
10542 10000
10543 10000
10544 10000
10545 10000
10546 10000
10547 10000
10548 10000
10549 10000
10550 10000
10551 10000
10552 10000
10553 10000
10554 10000
10555 10000
10556 10000
10557 10000
10558 10000
10559 10000
10560 10000
10561 10000
10562 10000
10563 10000
10564 10000
10565 10000
10566 10000
10567 10000
10568 10000
10569 10000
10570 10000
10571 10000
10572 10000
10573 10000
10574 10000
10575 10000
10576 10000
10577 10000
10578 10000
10579 10000
10580 10000
10581 10000
10582 10000
10583 10000
10584 10000
10585 10000
10586 10000
10587 10000
10588 10000
10589 10000
10590 10000
10591 10000
10592 10000
10593 10000
10594 10000
10595 10000
10596 10000
10597 10000
10598 10000
10599 10000
10600 10000
10601 10000
10602 10000
10603 10000
10604 10000
10605 10000
10606 10000
10607 10000
10608 10000
10609 10000
10610 10000
10611 10000
10612 10000
10613 10000
10614 10000
10615 10000
10616 10000
10617 10000
10618 10000
10619 10000
10620 10000
10621 10000
10622 10000
10623 10000
10624 10000
10625 10000
10626 10000
10627 10000
10628 10000
10629 10000
10630 10000
10631 10000
10632 10000
10633 10000
10634 10000
10635 10000
10636 10000
10637 10000
10638 10000
10639 10000
10640 10000
10641 10000
10642 10000
10643 10000
10644 10000
10645 10000
10646 10000
10647 10000
10648 10000
10649 10000
10650 10000
10651 10000
10652 10000
10653 10000
10654 10000
10655 10000
10656 10000
10657 10000
10658 10000
10659 10000
10660 10000
10661 10000
10662 10000
10663 10000
10664 10000
10665 10000
10666 10000
10667 10000
10668 10000
10669 10000
10670 10000
10671 10000
10672 10000
10673 10000
10674 10000
10675 10000
10676 10000
10677 10000
10678 10000
10679 10000
10680 10000
10681 10000
10682 10000
10683 10000
10684 10000
10685 10000
10686 10000
10687 10000
10688 10000
10689 10000
10690 10000
10691 10000
10692 10000
10693 10000
10694 10000
10695 10000
10696 10000
10697 10000
10698 10000
10699 10000
10700 10000
10701 10000
10702 10000
10703 10000
10704 10000
10705 10000
10706 10000
10707 10000
10708 10000
10709 10000
10710 10000
10711 10000
10712 10000
10713 10000
10714 10000
10715 10000
10716 10000
10717 10000
10718 10000
10719 10000
10720 10000
10721 10000
10722 10000
10723 10000
10724 10000
10725 10000
10726 10000
10727 10000
10728 10000
10729 10000
10730 10000
10731 10000
10732 10000
10733 10000
10734 10000
10735 10000
10736 10000
10737 10000
10738 10000
10739 10000
10740 10000
10741 10000
10742 10000
10743 10000
10744 10000
10745 10000
10746 10000
10747 10000
10748 10000
10749 10000
10750 10000
10751 10000
10752 10000
10753 10000
10754 10000
10755 10000
10756 10000
10757 10000
10758 10000
10759 10000
10760 10000
10761 10000
10762 10000
10763 10000
10764 10000
10765 10000
10766 10000
10767 10000
10768 10000
10769 10000
10770 10000
10771 10000
10772 10000
10773 10000
10774 10000
10775 10000
10776 10000
10777 10000
10778 10000
10779 10000
10780 10000
10781 10000
10782 10000
10783 10000
10784 10000
10785 10000
10786 10000
10787 10000
10788 10000
10789 10000
10790 10000
10791 10000
10792 10000
10793 10000
10794 10000
10795 10000
10796 10000
10797 10000
10798 10000
10799 10000
10800 10000
10801 10000
10802 10000
10803 10000
10804 10000
10805 10000
10806 10000
10807 10000
10808 10000
10809 10000
10810 10000
10811 10000
10812 10000
10813 10000
10814 10000
10815 10000
10816 10000
10817 10000
10818 10000
10819 10000
10820 10000
10821 10000
10822 10000
10823 10000
10824 10000
10825 10000
10826 10000
10827 10000
10828 10000
10829 10000
10830 10000
10831 10000
10832 10000
10833 10000
10834 10000
10835 10000
10836 10000
10837 10000
10838 10000
10839 10000
10840 10000
10841 10000
10842 10000
10843 10000
10844 10000
10845 10000
10846 10000
10847 10000
10848 10000
10849 10000
10850 10000
10851 10000
10852 10000
10853 10000
10854 10000
10855 10000
10856 10000
10857 10000
10858 10000
10859 10000
10860 10000
10861 10000
10862 10000
10863 10000
10864 10000
10865 10000
10866 10000
10867 10000
10868 10000
10869 10000
10870 10000
10871 10000
10872 10000
10873 10000
10874 10000
10875 10000
10876 10000
10877 10000
10878 10000
10879 10000
10880 10000
10881 10000
10882 10000
10883 10000
10884 10000
10885 10000
10886 10000
10887 10000
10888 10000
10889 10000
10890 10000
10891 10000
10892 10000
10893 10000
10894 10000
10895 10000
10896 10000
10897 10000
10898 10000
10899 10000
10900 10000
10901 10000
10902 10000
10903 10000
10904 10000
10905 10000
10906 10000
10907 10000
10908 10000
10909 10000
10910 10000
10911 10000
10912 10000
10913 10000
10914 10000
10915 10000
10916 10000
10917 10000
10918 10000
10919 10000
10920 10000
10921 10000
10922 10000
10923 10000
10924 10000
10925 10000
10926 10000
10927 10000
10928 10000
10929 10000
10930 10000
10931 10000
10932 10000
10933 10000
10934 10000
10935 10000
10936 10000
10937 10000
10938 10000
10939 10000
10940 10000
10941 10000
10942 10000
10943 10000
10944 10000
10945 10000
10946 10000
10947 10000
10948 10000
10949 10000
10950 10000
10951 10000
10952 10000
10953 10000
10954 10000
10955 10000
10956 10000
10957 10000
10958 10000
10959 10000
10960 10000
10961 10000
10962 10000
10963 10000
10964 10000
10965 10000
10966 10000
10967 10000
10968 10000
10969 10000
10970 10000
10971 10000
10972 10000
10973 10000
10974 10000
10975 10000
10976 10000
10977 10000
10978 10000
10979 10000
10980 10000
10981 10000
10982 10000
10983 10000
10984 10000
10985 10000
10986 10000
10987 10000
10988 10000
10989 10000
10990 10000
10991 10000
10992 10000
10993 10000
10994 10000
10995 10000
10996 10000
10997 10000
10998 10000
10999 10000
11000 10000
11001 10000
11002 10000
11003 10000
11004 10000
11005 10000
11006 10000
11007 10000
11008 10000
11009 10000
11010 10000
11011 10000
11012 10000
11013 10000
11014 10000
11015 10000
11016 10000
11017 10000
11018 10000
11019 10000
11020 10000
11021 10000
11022 10000
11023 10000
11024 10000
11025 10000
11026 10000
11027 10000
11028 10000
11029 10000
11030 10000
11031 10000
11032 10000
11033 10000
11034 10000
11035 10000
11036 10000
11037 10000
11038 10000
11039 10000
11040 10000
11041 10000
11042 10000
11043 10000
11044 10000
11045 10000
11046 10000
11047 10000
11048 10000
11049 10000
11050 10000
11051 10000
11052 10000
11053 10000
11054 10000
11055 10000
11056 10000
11057 10000
11058 10000
11059 10000
11060 10000
11061 10000
11062 10000
11063 10000
11064 10000
11065 10000
11066 10000
11067 10000
11068 10000
11069 10000
11070 10000
11071 10000
11072 10000
11073 10000
11074 10000
11075 10000
11076 10000
11077 10000
11078 10000
11079 10000
11080 10000
11081 10000
11082 10000
11083 10000
11084 10000
11085 10000
11086 10000
11087 10000
11088 10000
11089 10000
11090 10000
11091 10000
11092 10000
11093 10000
11094 10000
11095 10000
11096 10000
11097 10000
11098 10000
11099 10000
11100 10000
11101 10000
11102 10000
11103 10000
11104 10000
11105 10000
11106 10000
11107 10000
11108 10000
11109 10000
11110 10000
11111 10000
11112 10000
11113 10000
11114 10000
11115 10000
11116 10000
11117 10000
11118 10000
11119 10000
11120 10000
11121 10000
11122 10000
11123 10000
11124 10000
11125 10000
11126 10000
11127 10000
11128 10000
11129 10000
11130 10000
11131 10000
11132 10000
11133 10000
11134 10000
11135 10000
11136 10000
11137 10000
11138 10000
11139 10000
11140 10000
11141 10000
11142 10000
11143 10000
11144 10000
11145 10000
11146 10000
11147 10000
11148 10000
11149 10000
11150 10000
11151 10000
11152 10000
11153 10000
11154 10000
11155 10000
11156 10000
11157 10000
11158 10000
11159 10000
11160 10000
11161 10000
11162 10000
11163 10000
11164 10000
11165 10000
11166 10000
11167 10000
11168 10000
11169 10000
11170 10000
11171 10000
11172 10000
11173 10000
11174 10000
11175 10000
11176 10000
11177 10000
11178 10000
11179 10000
11180 10000
11181 10000
11182 10000
11183 10000
11184 10000
11185 10000
11186 10000
11187 10000
11188 10000
11189 10000
11190 10000
11191 10000
11192 10000
11193 10000
11194 10000
11195 10000
11196 10000
11197 10000
11198 10000
11199 10000
11200 10000
11201 10000
11202 10000
11203 10000
11204 10000
11205 10000
11206 10000
11207 10000
11208 10000
11209 10000
11210 10000
11211 10000
11212 10000
11213 10000
11214 10000
11215 10000
11216 10000
11217 10000
11218 10000
11219 10000
11220 10000
11221 10000
11222 10000
11223 10000
11224 10000
11225 10000
11226 10000
11227 10000
11228 10000
11229 10000
11230 10000
11231 10000
11232 10000
11233 10000
11234 10000
11235 10000
11236 10000
11237 10000
11238 10000
11239 10000
11240 10000
11241 10000
11242 10000
11243 10000
11244 10000
11245 10000
11246 10000
11247 10000
11248 10000
11249 10000
11250 10000
11251 10000
11252 10000
11253 10000
11254 10000
11255 10000
11256 10000
11257 10000
11258 10000
11259 10000
11260 10000
11261 10000
11262 10000
11263 10000
11264 10000
11265 10000
11266 10000
11267 10000
11268 10000
11269 10000
11270 10000
11271 10000
11272 10000
11273 10000
11274 10000
11275 10000
11276 10000
11277 10000
11278 10000
11279 10000
11280 10000
11281 10000
11282 10000
11283 10000
11284 10000
11285 10000
11286 10000
11287 10000
11288 10000
11289 10000
11290 10000
11291 10000
11292 10000
11293 10000
11294 10000
11295 10000
11296 10000
11297 10000
11298 10000
11299 10000
11300 10000
11301 10000
11302 10000
11303 10000
11304 10000
11305 10000
11306 10000
11307 10000
11308 10000
11309 10000
11310 10000
11311 10000
11312 10000
11313 10000
11314 10000
11315 10000
11316 10000
11317 10000
11318 10000
11319 10000
11320 10000
11321 10000
11322 10000
11323 10000
11324 10000
11325 10000
11326 10000
11327 10000
11328 10000
11329 10000
11330 10000
11331 10000
11332 10000
11333 10000
11334 10000
11335 10000
11336 10000
11337 10000
11338 10000
11339 10000
11340 10000
11341 10000
11342 10000
11343 10000
11344 10000
11345 10000
11346 10000
11347 10000
11348 10000
11349 10000
11350 10000
11351 10000
11352 10000
11353 10000
11354 10000
11355 10000
11356 10000
11357 10000
11358 10000
11359 10000
11360 10000
11361 10000
11362 10000
11363 10000
11364 10000
11365 10000
11366 10000
11367 10000
11368 10000
11369 10000
11370 10000
11371 10000
11372 10000
11373 10000
11374 10000
11375 10000
11376 10000
11377 10000
11378 10000
11379 10000
11380 10000
11381 10000
11382 10000
11383 10000
11384 10000
11385 10000
11386 10000
11387 10000
11388 10000
11389 10000
11390 10000
11391 10000
11392 10000
11393 10000
11394 10000
11395 10000
11396 10000
11397 10000
11398 10000
11399 10000
11400 10000
11401 10000
11402 10000
11403 10000
11404 10000
11405 10000
11406 10000
11407 10000
11408 10000
11409 10000
11410 10000
11411 10000
11412 10000
11413 10000
11414 10000
11415 10000
11416 10000
11417 10000
11418 10000
11419 10000
11420 10000
11421 10000
11422 10000
11423 10000
11424 10000
11425 10000
11426 10000
11427 10000
11428 10000
11429 10000
11430 10000
11431 10000
11432 10000
11433 10000
11434 10000
11435 10000
11436 10000
11437 10000
11438 10000
11439 10000
11440 10000
11441 10000
11442 10000
11443 10000
11444 10000
11445 10000
11446 10000
11447 10000
11448 10000
11449 10000
11450 10000
11451 10000
11452 10000
11453 10000
11454 10000
11455 10000
11456 10000
11457 10000
11458 10000
11459 10000
11460 10000
11461 10000
11462 10000
11463 10000
11464 10000
11465 10000
11466 10000
11467 10000
11468 10000
11469 10000
11470 10000
11471 10000
11472 10000
11473 10000
11474 10000
11475 10000
11476 10000
11477 10000
11478 10000
11479 10000
11480 10000
11481 10000
11482 10000
11483 10000
11484 10000
11485 10000
11486 10000
11487 10000
11488 10000
11489 10000
11490 10000
11491 10000
11492 10000
11493 10000
11494 10000
11495 10000
11496 10000
11497 10000
11498 10000
11499 10000
11500 10000
11501 10000
11502 10000
11503 10000
11504 10000
11505 10000
11506 10000
11507 10000
11508 10000
11509 10000
11510 10000
11511 10000
11512 10000
11513 10000
11514 10000
11515 10000
11516 10000
11517 10000
11518 10000
11519 10000
11520 10000
11521 10000
11522 10000
11523 10000
11524 10000
11525 10000
11526 10000
11527 10000
11528 10000
11529 10000
11530 10000
11531 10000
11532 10000
11533 10000
11534 10000
11535 10000
11536 10000
11537 10000
11538 10000
11539 10000
11540 10000
11541 10000
11542 10000
11543 10000
11544 10000
11545 10000
11546 10000
11547 10000
11548 10000
11549 10000
11550 10000
11551 10000
11552 10000
11553 10000
11554 10000
11555 10000
11556 10000
11557 10000
11558 10000
11559 10000
11560 10000
11561 10000
11562 10000
11563 10000
11564 10000
11565 10000
11566 10000
11567 10000
11568 10000
11569 10000
11570 10000
11571 10000
11572 10000
11573 10000
11574 10000
11575 10000
11576 10000
11577 10000
11578 10000
11579 10000
11580 10000
11581 10000
11582 10000
11583 10000
11584 10000
11585 10000
11586 10000
11587 10000
11588 10000
11589 10000
11590 10000
11591 10000
11592 10000
11593 10000
11594 10000
11595 10000
11596 10000
11597 10000
11598 10000
11599 10000
11600 10000
11601 10000
11602 10000
11603 10000
11604 10000
11605 10000
11606 10000
11607 10000
11608 10000
11609 10000
11610 10000
11611 10000
11612 10000
11613 10000
11614 10000
11615 10000
11616 10000
11617 10000
11618 10000
11619 10000
11620 10000
11621 10000
11622 10000
11623 10000
11624 10000
11625 10000
11626 10000
11627 10000
11628 10000
11629 10000
11630 10000
11631 10000
11632 10000
11633 10000
11634 10000
11635 10000
11636 10000
11637 10000
11638 10000
11639 10000
11640 10000
11641 10000
11642 10000
11643 10000
11644 10000
11645 10000
11646 10000
11647 10000
11648 10000
11649 10000
11650 10000
11651 10000
11652 10000
11653 10000
11654 10000
11655 10000
11656 10000
11657 10000
11658 10000
11659 10000
11660 10000
11661 10000
11662 10000
11663 10000
11664 10000
11665 10000
11666 10000
11667 10000
11668 10000
11669 10000
11670 10000
11671 10000
11672 10000
11673 10000
11674 10000
11675 10000
11676 10000
11677 10000
11678 10000
11679 10000
11680 10000
11681 10000
11682 10000
11683 10000
11684 10000
11685 10000
11686 10000
11687 10000
11688 10000
11689 10000
11690 10000
11691 10000
11692 10000
11693 10000
11694 10000
11695 10000
11696 10000
11697 10000
11698 10000
11699 10000
11700 10000
11701 10000
11702 10000
11703 10000
11704 10000
11705 10000
11706 10000
11707 10000
11708 10000
11709 10000
11710 10000
11711 10000
11712 10000
11713 10000
11714 10000
11715 10000
11716 10000
11717 10000
11718 10000
11719 10000
11720 10000
11721 10000
11722 10000
11723 10000
11724 10000
11725 10000
11726 10000
11727 10000
11728 10000
11729 10000
11730 10000
11731 10000
11732 10000
11733 10000
11734 10000
11735 10000
11736 10000
11737 10000
11738 10000
11739 10000
11740 10000
11741 10000
11742 10000
11743 10000
11744 10000
11745 10000
11746 10000
11747 10000
11748 10000
11749 10000
11750 10000
11751 10000
11752 10000
11753 10000
11754 10000
11755 10000
11756 10000
11757 10000
11758 10000
11759 10000
11760 10000
11761 10000
11762 10000
11763 10000
11764 10000
11765 10000
11766 10000
11767 10000
11768 10000
11769 10000
11770 10000
11771 10000
11772 10000
11773 10000
11774 10000
11775 10000
11776 10000
11777 10000
11778 10000
11779 10000
11780 10000
11781 10000
11782 10000
11783 10000
11784 10000
11785 10000
11786 10000
11787 10000
11788 10000
11789 10000
11790 10000
11791 10000
11792 10000
11793 10000
11794 10000
11795 10000
11796 10000
11797 10000
11798 10000
11799 10000
11800 10000
11801 10000
11802 10000
11803 10000
11804 10000
11805 10000
11806 10000
11807 10000
11808 10000
11809 10000
11810 10000
11811 10000
11812 10000
11813 10000
11814 10000
11815 10000
11816 10000
11817 10000
11818 10000
11819 10000
11820 10000
11821 10000
11822 10000
11823 10000
11824 10000
11825 10000
11826 10000
11827 10000
11828 10000
11829 10000
11830 10000
11831 10000
11832 10000
11833 10000
11834 10000
11835 10000
11836 10000
11837 10000
11838 10000
11839 10000
11840 10000
11841 10000
11842 10000
11843 10000
11844 10000
11845 10000
11846 10000
11847 10000
11848 10000
11849 10000
11850 10000
11851 10000
11852 10000
11853 10000
11854 10000
11855 10000
11856 10000
11857 10000
11858 10000
11859 10000
11860 10000
11861 10000
11862 10000
11863 10000
11864 10000
11865 10000
11866 10000
11867 10000
11868 10000
11869 10000
11870 10000
11871 10000
11872 10000
11873 10000
11874 10000
11875 10000
11876 10000
11877 10000
11878 10000
11879 10000
11880 10000
11881 10000
11882 10000
11883 10000
11884 10000
11885 10000
11886 10000
11887 10000
11888 10000
11889 10000
11890 10000
11891 10000
11892 10000
11893 10000
11894 10000
11895 10000
11896 10000
11897 10000
11898 10000
11899 10000
11900 10000
11901 10000
11902 10000
11903 10000
11904 10000
11905 10000
11906 10000
11907 10000
11908 10000
11909 10000
11910 10000
11911 10000
11912 10000
11913 10000
11914 10000
11915 10000
11916 10000
11917 10000
11918 10000
11919 10000
11920 10000
11921 10000
11922 10000
11923 10000
11924 10000
11925 10000
11926 10000
11927 10000
11928 10000
11929 10000
11930 10000
11931 10000
11932 10000
11933 10000
11934 10000
11935 10000
11936 10000
11937 10000
11938 10000
11939 10000
11940 10000
11941 10000
11942 10000
11943 10000
11944 10000
11945 10000
11946 10000
11947 10000
11948 10000
11949 10000
11950 10000
11951 10000
11952 10000
11953 10000
11954 10000
11955 10000
11956 10000
11957 10000
11958 10000
11959 10000
11960 10000
11961 10000
11962 10000
11963 10000
11964 10000
11965 10000
11966 10000
11967 10000
11968 10000
11969 10000
11970 10000
11971 10000
11972 10000
11973 10000
11974 10000
11975 10000
11976 10000
11977 10000
11978 10000
11979 10000
11980 10000
11981 10000
11982 10000
11983 10000
11984 10000
11985 10000
11986 10000
11987 10000
11988 10000
11989 10000
11990 10000
11991 10000
11992 10000
11993 10000
11994 10000
11995 10000
11996 10000
11997 10000
11998 10000
11999 10000
12000 10000
12001 10000
12002 10000
12003 10000
12004 10000
12005 10000
12006 10000
12007 10000
12008 10000
12009 10000
12010 10000
12011 10000
12012 10000
12013 10000
12014 10000
12015 10000
12016 10000
12017 10000
12018 10000
12019 10000
12020 10000
12021 10000
12022 10000
12023 10000
12024 10000
12025 10000
12026 10000
12027 10000
12028 10000
12029 10000
12030 10000
12031 10000
12032 10000
12033 10000
12034 10000
12035 10000
12036 10000
12037 10000
12038 10000
12039 10000
12040 10000
12041 10000
12042 10000
12043 10000
12044 10000
12045 10000
12046 10000
12047 10000
12048 10000
12049 10000
12050 10000
12051 10000
12052 10000
12053 10000
12054 10000
12055 10000
12056 10000
12057 10000
12058 10000
12059 10000
12060 10000
12061 10000
12062 10000
12063 10000
12064 10000
12065 10000
12066 10000
12067 10000
12068 10000
12069 10000
12070 10000
12071 10000
12072 10000
12073 10000
12074 10000
12075 10000
12076 10000
12077 10000
12078 10000
12079 10000
12080 10000
12081 10000
12082 10000
12083 10000
12084 10000
12085 10000
12086 10000
12087 10000
12088 10000
12089 10000
12090 10000
12091 10000
12092 10000
12093 10000
12094 10000
12095 10000
12096 10000
12097 10000
12098 10000
12099 10000
12100 10000
12101 10000
12102 10000
12103 10000
12104 10000
12105 10000
12106 10000
12107 10000
12108 10000
12109 10000
12110 10000
12111 10000
12112 10000
12113 10000
12114 10000
12115 10000
12116 10000
12117 10000
12118 10000
12119 10000
12120 10000
12121 10000
12122 10000
12123 10000
12124 10000
12125 10000
12126 10000
12127 10000
12128 10000
12129 10000
12130 10000
12131 10000
12132 10000
12133 10000
12134 10000
12135 10000
12136 10000
12137 10000
12138 10000
12139 10000
12140 10000
12141 10000
12142 10000
12143 10000
12144 10000
12145 10000
12146 10000
12147 10000
12148 10000
12149 10000
12150 10000
12151 10000
12152 10000
12153 10000
12154 10000
12155 10000
12156 10000
12157 10000
12158 10000
12159 10000
12160 10000
12161 10000
12162 10000
12163 10000
12164 10000
12165 10000
12166 10000
12167 10000
12168 10000
12169 10000
12170 10000
12171 10000
12172 10000
12173 10000
12174 10000
12175 10000
12176 10000
12177 10000
12178 10000
12179 10000
12180 10000
12181 10000
12182 10000
12183 10000
12184 10000
12185 10000
12186 10000
12187 10000
12188 10000
12189 10000
12190 10000
12191 10000
12192 10000
12193 10000
12194 10000
12195 10000
12196 10000
12197 10000
12198 10000
12199 10000
12200 10000
12201 10000
12202 10000
12203 10000
12204 10000
12205 10000
12206 10000
12207 10000
12208 10000
12209 10000
12210 10000
12211 10000
12212 10000
12213 10000
12214 10000
12215 10000
12216 10000
12217 10000
12218 10000
12219 10000
12220 10000
12221 10000
12222 10000
12223 10000
12224 10000
12225 10000
12226 10000
12227 10000
12228 10000
12229 10000
12230 10000
12231 10000
12232 10000
12233 10000
12234 10000
12235 10000
12236 10000
12237 10000
12238 10000
12239 10000
12240 10000
12241 10000
12242 10000
12243 10000
12244 10000
12245 10000
12246 10000
12247 10000
12248 10000
12249 10000
12250 10000
12251 10000
12252 10000
12253 10000
12254 10000
12255 10000
12256 10000
12257 10000
12258 10000
12259 10000
12260 10000
12261 10000
12262 10000
12263 10000
12264 10000
12265 10000
12266 10000
12267 10000
12268 10000
12269 10000
12270 10000
12271 10000
12272 10000
12273 10000
12274 10000
12275 10000
12276 10000
12277 10000
12278 10000
12279 10000
12280 10000
12281 10000
12282 10000
12283 10000
12284 10000
12285 10000
12286 10000
12287 10000
12288 10000
12289 10000
12290 10000
12291 10000
12292 10000
12293 10000
12294 10000
12295 10000
12296 10000
12297 10000
12298 10000
12299 10000
12300 10000
12301 10000
12302 10000
12303 10000
12304 10000
12305 10000
12306 10000
12307 10000
12308 10000
12309 10000
12310 10000
12311 10000
12312 10000
12313 10000
12314 10000
12315 10000
12316 10000
12317 10000
12318 10000
12319 10000
12320 10000
12321 10000
12322 10000
12323 10000
12324 10000
12325 10000
12326 10000
12327 10000
12328 10000
12329 10000
12330 10000
12331 10000
12332 10000
12333 10000
12334 10000
12335 10000
12336 10000
12337 10000
12338 10000
12339 10000
12340 10000
12341 10000
12342 10000
12343 10000
12344 10000
12345 10000
12346 10000
12347 10000
12348 10000
12349 10000
12350 10000
12351 10000
12352 10000
12353 10000
12354 10000
12355 10000
12356 10000
12357 10000
12358 10000
12359 10000
12360 10000
12361 10000
12362 10000
12363 10000
12364 10000
12365 10000
12366 10000
12367 10000
12368 10000
12369 10000
12370 10000
12371 10000
12372 10000
12373 10000
12374 10000
12375 10000
12376 10000
12377 10000
12378 10000
12379 10000
12380 10000
12381 10000
12382 10000
12383 10000
12384 10000
12385 10000
12386 10000
12387 10000
12388 10000
12389 10000
12390 10000
12391 10000
12392 10000
12393 10000
12394 10000
12395 10000
12396 10000
12397 10000
12398 10000
12399 10000
12400 10000
12401 10000
12402 10000
12403 10000
12404 10000
12405 10000
12406 10000
12407 10000
12408 10000
12409 10000
12410 10000
12411 10000
12412 10000
12413 10000
12414 10000
12415 10000
12416 10000
12417 10000
12418 10000
12419 10000
12420 10000
12421 10000
12422 10000
12423 10000
12424 10000
12425 10000
12426 10000
12427 10000
12428 10000
12429 10000
12430 10000
12431 10000
12432 10000
12433 10000
12434 10000
12435 10000
12436 10000
12437 10000
12438 10000
12439 10000
12440 10000
12441 10000
12442 10000
12443 10000
12444 10000
12445 10000
12446 10000
12447 10000
12448 10000
12449 10000
12450 10000
12451 10000
12452 10000
12453 10000
12454 10000
12455 10000
12456 10000
12457 10000
12458 10000
12459 10000
12460 10000
12461 10000
12462 10000
12463 10000
12464 10000
12465 10000
12466 10000
12467 10000
12468 10000
12469 10000
12470 10000
12471 10000
12472 10000
12473 10000
12474 10000
12475 10000
12476 10000
12477 10000
12478 10000
12479 10000
12480 10000
12481 10000
12482 10000
12483 10000
12484 10000
12485 10000
12486 10000
12487 10000
12488 10000
12489 10000
12490 10000
12491 10000
12492 10000
12493 10000
12494 10000
12495 10000
12496 10000
12497 10000
12498 10000
12499 10000
12500 10000
12501 10000
12502 10000
12503 10000
12504 10000
12505 10000
12506 10000
12507 10000
12508 10000
12509 10000
12510 10000
12511 10000
12512 10000
12513 10000
12514 10000
12515 10000
12516 10000
12517 10000
12518 10000
12519 10000
12520 10000
12521 10000
12522 10000
12523 10000
12524 10000
12525 10000
12526 10000
12527 10000
12528 10000
12529 10000
12530 10000
12531 10000
12532 10000
12533 10000
12534 10000
12535 10000
12536 10000
12537 10000
12538 10000
12539 10000
12540 10000
12541 10000
12542 10000
12543 10000
12544 10000
12545 10000
12546 10000
12547 10000
12548 10000
12549 10000
12550 10000
12551 10000
12552 10000
12553 10000
12554 10000
12555 10000
12556 10000
12557 10000
12558 10000
12559 10000
12560 10000
12561 10000
12562 10000
12563 10000
12564 10000
12565 10000
12566 10000
12567 10000
12568 10000
12569 10000
12570 10000
12571 10000
12572 10000
12573 10000
12574 10000
12575 10000
12576 10000
12577 10000
12578 10000
12579 10000
12580 10000
12581 10000
12582 10000
12583 10000
12584 10000
12585 10000
12586 10000
12587 10000
12588 10000
12589 10000
12590 10000
12591 10000
12592 10000
12593 10000
12594 10000
12595 10000
12596 10000
12597 10000
12598 10000
12599 10000
12600 10000
12601 10000
12602 10000
12603 10000
12604 10000
12605 10000
12606 10000
12607 10000
12608 10000
12609 10000
12610 10000
12611 10000
12612 10000
12613 10000
12614 10000
12615 10000
12616 10000
12617 10000
12618 10000
12619 10000
12620 10000
12621 10000
12622 10000
12623 10000
12624 10000
12625 10000
12626 10000
12627 10000
12628 10000
12629 10000
12630 10000
12631 10000
12632 10000
12633 10000
12634 10000
12635 10000
12636 10000
12637 10000
12638 10000
12639 10000
12640 10000
12641 10000
12642 10000
12643 10000
12644 10000
12645 10000
12646 10000
12647 10000
12648 10000
12649 10000
12650 10000
12651 10000
12652 10000
12653 10000
12654 10000
12655 10000
12656 10000
12657 10000
12658 10000
12659 10000
12660 10000
12661 10000
12662 10000
12663 10000
12664 10000
12665 10000
12666 10000
12667 10000
12668 10000
12669 10000
12670 10000
12671 10000
12672 10000
12673 10000
12674 10000
12675 10000
12676 10000
12677 10000
12678 10000
12679 10000
12680 10000
12681 10000
12682 10000
12683 10000
12684 10000
12685 10000
12686 10000
12687 10000
12688 10000
12689 10000
12690 10000
12691 10000
12692 10000
12693 10000
12694 10000
12695 10000
12696 10000
12697 10000
12698 10000
12699 10000
12700 10000
12701 10000
12702 10000
12703 10000
12704 10000
12705 10000
12706 10000
12707 10000
12708 10000
12709 10000
12710 10000
12711 10000
12712 10000
12713 10000
12714 10000
12715 10000
12716 10000
12717 10000
12718 10000
12719 10000
12720 10000
12721 10000
12722 10000
12723 10000
12724 10000
12725 10000
12726 10000
12727 10000
12728 10000
12729 10000
12730 10000
12731 10000
12732 10000
12733 10000
12734 10000
12735 10000
12736 10000
12737 10000
12738 10000
12739 10000
12740 10000
12741 10000
12742 10000
12743 10000
12744 10000
12745 10000
12746 10000
12747 10000
12748 10000
12749 10000
12750 10000
12751 10000
12752 10000
12753 10000
12754 10000
12755 10000
12756 10000
12757 10000
12758 10000
12759 10000
12760 10000
12761 10000
12762 10000
12763 10000
12764 10000
12765 10000
12766 10000
12767 10000
12768 10000
12769 10000
12770 10000
12771 10000
12772 10000
12773 10000
12774 10000
12775 10000
12776 10000
12777 10000
12778 10000
12779 10000
12780 10000
12781 10000
12782 10000
12783 10000
12784 10000
12785 10000
12786 10000
12787 10000
12788 10000
12789 10000
12790 10000
12791 10000
12792 10000
12793 10000
12794 10000
12795 10000
12796 10000
12797 10000
12798 10000
12799 10000
12800 10000
12801 10000
12802 10000
12803 10000
12804 10000
12805 10000
12806 10000
12807 10000
12808 10000
12809 10000
12810 10000
12811 10000
12812 10000
12813 10000
12814 10000
12815 10000
12816 10000
12817 10000
12818 10000
12819 10000
12820 10000
12821 10000
12822 10000
12823 10000
12824 10000
12825 10000
12826 10000
12827 10000
12828 10000
12829 10000
12830 10000
12831 10000
12832 10000
12833 10000
12834 10000
12835 10000
12836 10000
12837 10000
12838 10000
12839 10000
12840 10000
12841 10000
12842 10000
12843 10000
12844 10000
12845 10000
12846 10000
12847 10000
12848 10000
12849 10000
12850 10000
12851 10000
12852 10000
12853 10000
12854 10000
12855 10000
12856 10000
12857 10000
12858 10000
12859 10000
12860 10000
12861 10000
12862 10000
12863 10000
12864 10000
12865 10000
12866 10000
12867 10000
12868 10000
12869 10000
12870 10000
12871 10000
12872 10000
12873 10000
12874 10000
12875 10000
12876 10000
12877 10000
12878 10000
12879 10000
12880 10000
12881 10000
12882 10000
12883 10000
12884 10000
12885 10000
12886 10000
12887 10000
12888 10000
12889 10000
12890 10000
12891 10000
12892 10000
12893 10000
12894 10000
12895 10000
12896 10000
12897 10000
12898 10000
12899 10000
12900 10000
12901 10000
12902 10000
12903 10000
12904 10000
12905 10000
12906 10000
12907 10000
12908 10000
12909 10000
12910 10000
12911 10000
12912 10000
12913 10000
12914 10000
12915 10000
12916 10000
12917 10000
12918 10000
12919 10000
12920 10000
12921 10000
12922 10000
12923 10000
12924 10000
12925 10000
12926 10000
12927 10000
12928 10000
12929 10000
12930 10000
12931 10000
12932 10000
12933 10000
12934 10000
12935 10000
12936 10000
12937 10000
12938 10000
12939 10000
12940 10000
12941 10000
12942 10000
12943 10000
12944 10000
12945 10000
12946 10000
12947 10000
12948 10000
12949 10000
12950 10000
12951 10000
12952 10000
12953 10000
12954 10000
12955 10000
12956 10000
12957 10000
12958 10000
12959 10000
12960 10000
12961 10000
12962 10000
12963 10000
12964 10000
12965 10000
12966 10000
12967 10000
12968 10000
12969 10000
12970 10000
12971 10000
12972 10000
12973 10000
12974 10000
12975 10000
12976 10000
12977 10000
12978 10000
12979 10000
12980 10000
12981 10000
12982 10000
12983 10000
12984 10000
12985 10000
12986 10000
12987 10000
12988 10000
12989 10000
12990 10000
12991 10000
12992 10000
12993 10000
12994 10000
12995 10000
12996 10000
12997 10000
12998 10000
12999 10000
13000 10000
13001 10000
13002 10000
13003 10000
13004 10000
13005 10000
13006 10000
13007 10000
13008 10000
13009 10000
13010 10000
13011 10000
13012 10000
13013 10000
13014 10000
13015 10000
13016 10000
13017 10000
13018 10000
13019 10000
13020 10000
13021 10000
13022 10000
13023 10000
13024 10000
13025 10000
13026 10000
13027 10000
13028 10000
13029 10000
13030 10000
13031 10000
13032 10000
13033 10000
13034 10000
13035 10000
13036 10000
13037 10000
13038 10000
13039 10000
13040 10000
13041 10000
13042 10000
13043 10000
13044 10000
13045 10000
13046 10000
13047 10000
13048 10000
13049 10000
13050 10000
13051 10000
13052 10000
13053 10000
13054 10000
13055 10000
13056 10000
13057 10000
13058 10000
13059 10000
13060 10000
13061 10000
13062 10000
13063 10000
13064 10000
13065 10000
13066 10000
13067 10000
13068 10000
13069 10000
13070 10000
13071 10000
13072 10000
13073 10000
13074 10000
13075 10000
13076 10000
13077 10000
13078 10000
13079 10000
13080 10000
13081 10000
13082 10000
13083 10000
13084 10000
13085 10000
13086 10000
13087 10000
13088 10000
13089 10000
13090 10000
13091 10000
13092 10000
13093 10000
13094 10000
13095 10000
13096 10000
13097 10000
13098 10000
13099 10000
13100 10000
13101 10000
13102 10000
13103 10000
13104 10000
13105 10000
13106 10000
13107 10000
13108 10000
13109 10000
13110 10000
13111 10000
13112 10000
13113 10000
13114 10000
13115 10000
13116 10000
13117 10000
13118 10000
13119 10000
13120 10000
13121 10000
13122 10000
13123 10000
13124 10000
13125 10000
13126 10000
13127 10000
13128 10000
13129 10000
13130 10000
13131 10000
13132 10000
13133 10000
13134 10000
13135 10000
13136 10000
13137 10000
13138 10000
13139 10000
13140 10000
13141 10000
13142 10000
13143 10000
13144 10000
13145 10000
13146 10000
13147 10000
13148 10000
13149 10000
13150 10000
13151 10000
13152 10000
13153 10000
13154 10000
13155 10000
13156 10000
13157 10000
13158 10000
13159 10000
13160 10000
13161 10000
13162 10000
13163 10000
13164 10000
13165 10000
13166 10000
13167 10000
13168 10000
13169 10000
13170 10000
13171 10000
13172 10000
13173 10000
13174 10000
13175 10000
13176 10000
13177 10000
13178 10000
13179 10000
13180 10000
13181 10000
13182 10000
13183 10000
13184 10000
13185 10000
13186 10000
13187 10000
13188 10000
13189 10000
13190 10000
13191 10000
13192 10000
13193 10000
13194 10000
13195 10000
13196 10000
13197 10000
13198 10000
13199 10000
13200 10000
13201 10000
13202 10000
13203 10000
13204 10000
13205 10000
13206 10000
13207 10000
13208 10000
13209 10000
13210 10000
13211 10000
13212 10000
13213 10000
13214 10000
13215 10000
13216 10000
13217 10000
13218 10000
13219 10000
13220 10000
13221 10000
13222 10000
13223 10000
13224 10000
13225 10000
13226 10000
13227 10000
13228 10000
13229 10000
13230 10000
13231 10000
13232 10000
13233 10000
13234 10000
13235 10000
13236 10000
13237 10000
13238 10000
13239 10000
13240 10000
13241 10000
13242 10000
13243 10000
13244 10000
13245 10000
13246 10000
13247 10000
13248 10000
13249 10000
13250 10000
13251 10000
13252 10000
13253 10000
13254 10000
13255 10000
13256 10000
13257 10000
13258 10000
13259 10000
13260 10000
13261 10000
13262 10000
13263 10000
13264 10000
13265 10000
13266 10000
13267 10000
13268 10000
13269 10000
13270 10000
13271 10000
13272 10000
13273 10000
13274 10000
13275 10000
13276 10000
13277 10000
13278 10000
13279 10000
13280 10000
13281 10000
13282 10000
13283 10000
13284 10000
13285 10000
13286 10000
13287 10000
13288 10000
13289 10000
13290 10000
13291 10000
13292 10000
13293 10000
13294 10000
13295 10000
13296 10000
13297 10000
13298 10000
13299 10000
13300 10000
13301 10000
13302 10000
13303 10000
13304 10000
13305 10000
13306 10000
13307 10000
13308 10000
13309 10000
13310 10000
13311 10000
13312 10000
13313 10000
13314 10000
13315 10000
13316 10000
13317 10000
13318 10000
13319 10000
13320 10000
13321 10000
13322 10000
13323 10000
13324 10000
13325 10000
13326 10000
13327 10000
13328 10000
13329 10000
13330 10000
13331 10000
13332 10000
13333 10000
13334 10000
13335 10000
13336 10000
13337 10000
13338 10000
13339 10000
13340 10000
13341 10000
13342 10000
13343 10000
13344 10000
13345 10000
13346 10000
13347 10000
13348 10000
13349 10000
13350 10000
13351 10000
13352 10000
13353 10000
13354 10000
13355 10000
13356 10000
13357 10000
13358 10000
13359 10000
13360 10000
13361 10000
13362 10000
13363 10000
13364 10000
13365 10000
13366 10000
13367 10000
13368 10000
13369 10000
13370 10000
13371 10000
13372 10000
13373 10000
13374 10000
13375 10000
13376 10000
13377 10000
13378 10000
13379 10000
13380 10000
13381 10000
13382 10000
13383 10000
13384 10000
13385 10000
13386 10000
13387 10000
13388 10000
13389 10000
13390 10000
13391 10000
13392 10000
13393 10000
13394 10000
13395 10000
13396 10000
13397 10000
13398 10000
13399 10000
13400 10000
13401 10000
13402 10000
13403 10000
13404 10000
13405 10000
13406 10000
13407 10000
13408 10000
13409 10000
13410 10000
13411 10000
13412 10000
13413 10000
13414 10000
13415 10000
13416 10000
13417 10000
13418 10000
13419 10000
13420 10000
13421 10000
13422 10000
13423 10000
13424 10000
13425 10000
13426 10000
13427 10000
13428 10000
13429 10000
13430 10000
13431 10000
13432 10000
13433 10000
13434 10000
13435 10000
13436 10000
13437 10000
13438 10000
13439 10000
13440 10000
13441 10000
13442 10000
13443 10000
13444 10000
13445 10000
13446 10000
13447 10000
13448 10000
13449 10000
13450 10000
13451 10000
13452 10000
13453 10000
13454 10000
13455 10000
13456 10000
13457 10000
13458 10000
13459 10000
13460 10000
13461 10000
13462 10000
13463 10000
13464 10000
13465 10000
13466 10000
13467 10000
13468 10000
13469 10000
13470 10000
13471 10000
13472 10000
13473 10000
13474 10000
13475 10000
13476 10000
13477 10000
13478 10000
13479 10000
13480 10000
13481 10000
13482 10000
13483 10000
13484 10000
13485 10000
13486 10000
13487 10000
13488 10000
13489 10000
13490 10000
13491 10000
13492 10000
13493 10000
13494 10000
13495 10000
13496 10000
13497 10000
13498 10000
13499 10000
13500 10000
13501 10000
13502 10000
13503 10000
13504 10000
13505 10000
13506 10000
13507 10000
13508 10000
13509 10000
13510 10000
13511 10000
13512 10000
13513 10000
13514 10000
13515 10000
13516 10000
13517 10000
13518 10000
13519 10000
13520 10000
13521 10000
13522 10000
13523 10000
13524 10000
13525 10000
13526 10000
13527 10000
13528 10000
13529 10000
13530 10000
13531 10000
13532 10000
13533 10000
13534 10000
13535 10000
13536 10000
13537 10000
13538 10000
13539 10000
13540 10000
13541 10000
13542 10000
13543 10000
13544 10000
13545 10000
13546 10000
13547 10000
13548 10000
13549 10000
13550 10000
13551 10000
13552 10000
13553 10000
13554 10000
13555 10000
13556 10000
13557 10000
13558 10000
13559 10000
13560 10000
13561 10000
13562 10000
13563 10000
13564 10000
13565 10000
13566 10000
13567 10000
13568 10000
13569 10000
13570 10000
13571 10000
13572 10000
13573 10000
13574 10000
13575 10000
13576 10000
13577 10000
13578 10000
13579 10000
13580 10000
13581 10000
13582 10000
13583 10000
13584 10000
13585 10000
13586 10000
13587 10000
13588 10000
13589 10000
13590 10000
13591 10000
13592 10000
13593 10000
13594 10000
13595 10000
13596 10000
13597 10000
13598 10000
13599 10000
13600 10000
13601 10000
13602 10000
13603 10000
13604 10000
13605 10000
13606 10000
13607 10000
13608 10000
13609 10000
13610 10000
13611 10000
13612 10000
13613 10000
13614 10000
13615 10000
13616 10000
13617 10000
13618 10000
13619 10000
13620 10000
13621 10000
13622 10000
13623 10000
13624 10000
13625 10000
13626 10000
13627 10000
13628 10000
13629 10000
13630 10000
13631 10000
13632 10000
13633 10000
13634 10000
13635 10000
13636 10000
13637 10000
13638 10000
13639 10000
13640 10000
13641 10000
13642 10000
13643 10000
13644 10000
13645 10000
13646 10000
13647 10000
13648 10000
13649 10000
13650 10000
13651 10000
13652 10000
13653 10000
13654 10000
13655 10000
13656 10000
13657 10000
13658 10000
13659 10000
13660 10000
13661 10000
13662 10000
13663 10000
13664 10000
13665 10000
13666 10000
13667 10000
13668 10000
13669 10000
13670 10000
13671 10000
13672 10000
13673 10000
13674 10000
13675 10000
13676 10000
13677 10000
13678 10000
13679 10000
13680 10000
13681 10000
13682 10000
13683 10000
13684 10000
13685 10000
13686 10000
13687 10000
13688 10000
13689 10000
13690 10000
13691 10000
13692 10000
13693 10000
13694 10000
13695 10000
13696 10000
13697 10000
13698 10000
13699 10000
13700 10000
13701 10000
13702 10000
13703 10000
13704 10000
13705 10000
13706 10000
13707 10000
13708 10000
13709 10000
13710 10000
13711 10000
13712 10000
13713 10000
13714 10000
13715 10000
13716 10000
13717 10000
13718 10000
13719 10000
13720 10000
13721 10000
13722 10000
13723 10000
13724 10000
13725 10000
13726 10000
13727 10000
13728 10000
13729 10000
13730 10000
13731 10000
13732 10000
13733 10000
13734 10000
13735 10000
13736 10000
13737 10000
13738 10000
13739 10000
13740 10000
13741 10000
13742 10000
13743 10000
13744 10000
13745 10000
13746 10000
13747 10000
13748 10000
13749 10000
13750 10000
13751 10000
13752 10000
13753 10000
13754 10000
13755 10000
13756 10000
13757 10000
13758 10000
13759 10000
13760 10000
13761 10000
13762 10000
13763 10000
13764 10000
13765 10000
13766 10000
13767 10000
13768 10000
13769 10000
13770 10000
13771 10000
13772 10000
13773 10000
13774 10000
13775 10000
13776 10000
13777 10000
13778 10000
13779 10000
13780 10000
13781 10000
13782 10000
13783 10000
13784 10000
13785 10000
13786 10000
13787 10000
13788 10000
13789 10000
13790 10000
13791 10000
13792 10000
13793 10000
13794 10000
13795 10000
13796 10000
13797 10000
13798 10000
13799 10000
13800 10000
13801 10000
13802 10000
13803 10000
13804 10000
13805 10000
13806 10000
13807 10000
13808 10000
13809 10000
13810 10000
13811 10000
13812 10000
13813 10000
13814 10000
13815 10000
13816 10000
13817 10000
13818 10000
13819 10000
13820 10000
13821 10000
13822 10000
13823 10000
13824 10000
13825 10000
13826 10000
13827 10000
13828 10000
13829 10000
13830 10000
13831 10000
13832 10000
13833 10000
13834 10000
13835 10000
13836 10000
13837 10000
13838 10000
13839 10000
13840 10000
13841 10000
13842 10000
13843 10000
13844 10000
13845 10000
13846 10000
13847 10000
13848 10000
13849 10000
13850 10000
13851 10000
13852 10000
13853 10000
13854 10000
13855 10000
13856 10000
13857 10000
13858 10000
13859 10000
13860 10000
13861 10000
13862 10000
13863 10000
13864 10000
13865 10000
13866 10000
13867 10000
13868 10000
13869 10000
13870 10000
13871 10000
13872 10000
13873 10000
13874 10000
13875 10000
13876 10000
13877 10000
13878 10000
13879 10000
13880 10000
13881 10000
13882 10000
13883 10000
13884 10000
13885 10000
13886 10000
13887 10000
13888 10000
13889 10000
13890 10000
13891 10000
13892 10000
13893 10000
13894 10000
13895 10000
13896 10000
13897 10000
13898 10000
13899 10000
13900 10000
13901 10000
13902 10000
13903 10000
13904 10000
13905 10000
13906 10000
13907 10000
13908 10000
13909 10000
13910 10000
13911 10000
13912 10000
13913 10000
13914 10000
13915 10000
13916 10000
13917 10000
13918 10000
13919 10000
13920 10000
13921 10000
13922 10000
13923 10000
13924 10000
13925 10000
13926 10000
13927 10000
13928 10000
13929 10000
13930 10000
13931 10000
13932 10000
13933 10000
13934 10000
13935 10000
13936 10000
13937 10000
13938 10000
13939 10000
13940 10000
13941 10000
13942 10000
13943 10000
13944 10000
13945 10000
13946 10000
13947 10000
13948 10000
13949 10000
13950 10000
13951 10000
13952 10000
13953 10000
13954 10000
13955 10000
13956 10000
13957 10000
13958 10000
13959 10000
13960 10000
13961 10000
13962 10000
13963 10000
13964 10000
13965 10000
13966 10000
13967 10000
13968 10000
13969 10000
13970 10000
13971 10000
13972 10000
13973 10000
13974 10000
13975 10000
13976 10000
13977 10000
13978 10000
13979 10000
13980 10000
13981 10000
13982 10000
13983 10000
13984 10000
13985 10000
13986 10000
13987 10000
13988 10000
13989 10000
13990 10000
13991 10000
13992 10000
13993 10000
13994 10000
13995 10000
13996 10000
13997 10000
13998 10000
13999 10000
14000 10000
14001 10000
14002 10000
14003 10000
14004 10000
14005 10000
14006 10000
14007 10000
14008 10000
14009 10000
14010 10000
14011 10000
14012 10000
14013 10000
14014 10000
14015 10000
14016 10000
14017 10000
14018 10000
14019 10000
14020 10000
14021 10000
14022 10000
14023 10000
14024 10000
14025 10000
14026 10000
14027 10000
14028 10000
14029 10000
14030 10000
14031 10000
14032 10000
14033 10000
14034 10000
14035 10000
14036 10000
14037 10000
14038 10000
14039 10000
14040 10000
14041 10000
14042 10000
14043 10000
14044 10000
14045 10000
14046 10000
14047 10000
14048 10000
14049 10000
14050 10000
14051 10000
14052 10000
14053 10000
14054 10000
14055 10000
14056 10000
14057 10000
14058 10000
14059 10000
14060 10000
14061 10000
14062 10000
14063 10000
14064 10000
14065 10000
14066 10000
14067 10000
14068 10000
14069 10000
14070 10000
14071 10000
14072 10000
14073 10000
14074 10000
14075 10000
14076 10000
14077 10000
14078 10000
14079 10000
14080 10000
14081 10000
14082 10000
14083 10000
14084 10000
14085 10000
14086 10000
14087 10000
14088 10000
14089 10000
14090 10000
14091 10000
14092 10000
14093 10000
14094 10000
14095 10000
14096 10000
14097 10000
14098 10000
14099 10000
14100 10000
14101 10000
14102 10000
14103 10000
14104 10000
14105 10000
14106 10000
14107 10000
14108 10000
14109 10000
14110 10000
14111 10000
14112 10000
14113 10000
14114 10000
14115 10000
14116 10000
14117 10000
14118 10000
14119 10000
14120 10000
14121 10000
14122 10000
14123 10000
14124 10000
14125 10000
14126 10000
14127 10000
14128 10000
14129 10000
14130 10000
14131 10000
14132 10000
14133 10000
14134 10000
14135 10000
14136 10000
14137 10000
14138 10000
14139 10000
14140 10000
14141 10000
14142 10000
14143 10000
14144 10000
14145 10000
14146 10000
14147 10000
14148 10000
14149 10000
14150 10000
14151 10000
14152 10000
14153 10000
14154 10000
14155 10000
14156 10000
14157 10000
14158 10000
14159 10000
14160 10000
14161 10000
14162 10000
14163 10000
14164 10000
14165 10000
14166 10000
14167 10000
14168 10000
14169 10000
14170 10000
14171 10000
14172 10000
14173 10000
14174 10000
14175 10000
14176 10000
14177 10000
14178 10000
14179 10000
14180 10000
14181 10000
14182 10000
14183 10000
14184 10000
14185 10000
14186 10000
14187 10000
14188 10000
14189 10000
14190 10000
14191 10000
14192 10000
14193 10000
14194 10000
14195 10000
14196 10000
14197 10000
14198 10000
14199 10000
14200 10000
14201 10000
14202 10000
14203 10000
14204 10000
14205 10000
14206 10000
14207 10000
14208 10000
14209 10000
14210 10000
14211 10000
14212 10000
14213 10000
14214 10000
14215 10000
14216 10000
14217 10000
14218 10000
14219 10000
14220 10000
14221 10000
14222 10000
14223 10000
14224 10000
14225 10000
14226 10000
14227 10000
14228 10000
14229 10000
14230 10000
14231 10000
14232 10000
14233 10000
14234 10000
14235 10000
14236 10000
14237 10000
14238 10000
14239 10000
14240 10000
14241 10000
14242 10000
14243 10000
14244 10000
14245 10000
14246 10000
14247 10000
14248 10000
14249 10000
14250 10000
14251 10000
14252 10000
14253 10000
14254 10000
14255 10000
14256 10000
14257 10000
14258 10000
14259 10000
14260 10000
14261 10000
14262 10000
14263 10000
14264 10000
14265 10000
14266 10000
14267 10000
14268 10000
14269 10000
14270 10000
14271 10000
14272 10000
14273 10000
14274 10000
14275 10000
14276 10000
14277 10000
14278 10000
14279 10000
14280 10000
14281 10000
14282 10000
14283 10000
14284 10000
14285 10000
14286 10000
14287 10000
14288 10000
14289 10000
14290 10000
14291 10000
14292 10000
14293 10000
14294 10000
14295 10000
14296 10000
14297 10000
14298 10000
14299 10000
14300 10000
14301 10000
14302 10000
14303 10000
14304 10000
14305 10000
14306 10000
14307 10000
14308 10000
14309 10000
14310 10000
14311 10000
14312 10000
14313 10000
14314 10000
14315 10000
14316 10000
14317 10000
14318 10000
14319 10000
14320 10000
14321 10000
14322 10000
14323 10000
14324 10000
14325 10000
14326 10000
14327 10000
14328 10000
14329 10000
14330 10000
14331 10000
14332 10000
14333 10000
14334 10000
14335 10000
14336 10000
14337 10000
14338 10000
14339 10000
14340 10000
14341 10000
14342 10000
14343 10000
14344 10000
14345 10000
14346 10000
14347 10000
14348 10000
14349 10000
14350 10000
14351 10000
14352 10000
14353 10000
14354 10000
14355 10000
14356 10000
14357 10000
14358 10000
14359 10000
14360 10000
14361 10000
14362 10000
14363 10000
14364 10000
14365 10000
14366 10000
14367 10000
14368 10000
14369 10000
14370 10000
14371 10000
14372 10000
14373 10000
14374 10000
14375 10000
14376 10000
14377 10000
14378 10000
14379 10000
14380 10000
14381 10000
14382 10000
14383 10000
14384 10000
14385 10000
14386 10000
14387 10000
14388 10000
14389 10000
14390 10000
14391 10000
14392 10000
14393 10000
14394 10000
14395 10000
14396 10000
14397 10000
14398 10000
14399 10000
14400 10000
14401 10000
14402 10000
14403 10000
14404 10000
14405 10000
14406 10000
14407 10000
14408 10000
14409 10000
14410 10000
14411 10000
14412 10000
14413 10000
14414 10000
14415 10000
14416 10000
14417 10000
14418 10000
14419 10000
14420 10000
14421 10000
14422 10000
14423 10000
14424 10000
14425 10000
14426 10000
14427 10000
14428 10000
14429 10000
14430 10000
14431 10000
14432 10000
14433 10000
14434 10000
14435 10000
14436 10000
14437 10000
14438 10000
14439 10000
14440 10000
14441 10000
14442 10000
14443 10000
14444 10000
14445 10000
14446 10000
14447 10000
14448 10000
14449 10000
14450 10000
14451 10000
14452 10000
14453 10000
14454 10000
14455 10000
14456 10000
14457 10000
14458 10000
14459 10000
14460 10000
14461 10000
14462 10000
14463 10000
14464 10000
14465 10000
14466 10000
14467 10000
14468 10000
14469 10000
14470 10000
14471 10000
14472 10000
14473 10000
14474 10000
14475 10000
14476 10000
14477 10000
14478 10000
14479 10000
14480 10000
14481 10000
14482 10000
14483 10000
14484 10000
14485 10000
14486 10000
14487 10000
14488 10000
14489 10000
14490 10000
14491 10000
14492 10000
14493 10000
14494 10000
14495 10000
14496 10000
14497 10000
14498 10000
14499 10000
14500 10000
14501 10000
14502 10000
14503 10000
14504 10000
14505 10000
14506 10000
14507 10000
14508 10000
14509 10000
14510 10000
14511 10000
14512 10000
14513 10000
14514 10000
14515 10000
14516 10000
14517 10000
14518 10000
14519 10000
14520 10000
14521 10000
14522 10000
14523 10000
14524 10000
14525 10000
14526 10000
14527 10000
14528 10000
14529 10000
14530 10000
14531 10000
14532 10000
14533 10000
14534 10000
14535 10000
14536 10000
14537 10000
14538 10000
14539 10000
14540 10000
14541 10000
14542 10000
14543 10000
14544 10000
14545 10000
14546 10000
14547 10000
14548 10000
14549 10000
14550 10000
14551 10000
14552 10000
14553 10000
14554 10000
14555 10000
14556 10000
14557 10000
14558 10000
14559 10000
14560 10000
14561 10000
14562 10000
14563 10000
14564 10000
14565 10000
14566 10000
14567 10000
14568 10000
14569 10000
14570 10000
14571 10000
14572 10000
14573 10000
14574 10000
14575 10000
14576 10000
14577 10000
14578 10000
14579 10000
14580 10000
14581 10000
14582 10000
14583 10000
14584 10000
14585 10000
14586 10000
14587 10000
14588 10000
14589 10000
14590 10000
14591 10000
14592 10000
14593 10000
14594 10000
14595 10000
14596 10000
14597 10000
14598 10000
14599 10000
14600 10000
14601 10000
14602 10000
14603 10000
14604 10000
14605 10000
14606 10000
14607 10000
14608 10000
14609 10000
14610 10000
14611 10000
14612 10000
14613 10000
14614 10000
14615 10000
14616 10000
14617 10000
14618 10000
14619 10000
14620 10000
14621 10000
14622 10000
14623 10000
14624 10000
14625 10000
14626 10000
14627 10000
14628 10000
14629 10000
14630 10000
14631 10000
14632 10000
14633 10000
14634 10000
14635 10000
14636 10000
14637 10000
14638 10000
14639 10000
14640 10000
14641 10000
14642 10000
14643 10000
14644 10000
14645 10000
14646 10000
14647 10000
14648 10000
14649 10000
14650 10000
14651 10000
14652 10000
14653 10000
14654 10000
14655 10000
14656 10000
14657 10000
14658 10000
14659 10000
14660 10000
14661 10000
14662 10000
14663 10000
14664 10000
14665 10000
14666 10000
14667 10000
14668 10000
14669 10000
14670 10000
14671 10000
14672 10000
14673 10000
14674 10000
14675 10000
14676 10000
14677 10000
14678 10000
14679 10000
14680 10000
14681 10000
14682 10000
14683 10000
14684 10000
14685 10000
14686 10000
14687 10000
14688 10000
14689 10000
14690 10000
14691 10000
14692 10000
14693 10000
14694 10000
14695 10000
14696 10000
14697 10000
14698 10000
14699 10000
14700 10000
14701 10000
14702 10000
14703 10000
14704 10000
14705 10000
14706 10000
14707 10000
14708 10000
14709 10000
14710 10000
14711 10000
14712 10000
14713 10000
14714 10000
14715 10000
14716 10000
14717 10000
14718 10000
14719 10000
14720 10000
14721 10000
14722 10000
14723 10000
14724 10000
14725 10000
14726 10000
14727 10000
14728 10000
14729 10000
14730 10000
14731 10000
14732 10000
14733 10000
14734 10000
14735 10000
14736 10000
14737 10000
14738 10000
14739 10000
14740 10000
14741 10000
14742 10000
14743 10000
14744 10000
14745 10000
14746 10000
14747 10000
14748 10000
14749 10000
14750 10000
14751 10000
14752 10000
14753 10000
14754 10000
14755 10000
14756 10000
14757 10000
14758 10000
14759 10000
14760 10000
14761 10000
14762 10000
14763 10000
14764 10000
14765 10000
14766 10000
14767 10000
14768 10000
14769 10000
14770 10000
14771 10000
14772 10000
14773 10000
14774 10000
14775 10000
14776 10000
14777 10000
14778 10000
14779 10000
14780 10000
14781 10000
14782 10000
14783 10000
14784 10000
14785 10000
14786 10000
14787 10000
14788 10000
14789 10000
14790 10000
14791 10000
14792 10000
14793 10000
14794 10000
14795 10000
14796 10000
14797 10000
14798 10000
14799 10000
14800 10000
14801 10000
14802 10000
14803 10000
14804 10000
14805 10000
14806 10000
14807 10000
14808 10000
14809 10000
14810 10000
14811 10000
14812 10000
14813 10000
14814 10000
14815 10000
14816 10000
14817 10000
14818 10000
14819 10000
14820 10000
14821 10000
14822 10000
14823 10000
14824 10000
14825 10000
14826 10000
14827 10000
14828 10000
14829 10000
14830 10000
14831 10000
14832 10000
14833 10000
14834 10000
14835 10000
14836 10000
14837 10000
14838 10000
14839 10000
14840 10000
14841 10000
14842 10000
14843 10000
14844 10000
14845 10000
14846 10000
14847 10000
14848 10000
14849 10000
14850 10000
14851 10000
14852 10000
14853 10000
14854 10000
14855 10000
14856 10000
14857 10000
14858 10000
14859 10000
14860 10000
14861 10000
14862 10000
14863 10000
14864 10000
14865 10000
14866 10000
14867 10000
14868 10000
14869 10000
14870 10000
14871 10000
14872 10000
14873 10000
14874 10000
14875 10000
14876 10000
14877 10000
14878 10000
14879 10000
14880 10000
14881 10000
14882 10000
14883 10000
14884 10000
14885 10000
14886 10000
14887 10000
14888 10000
14889 10000
14890 10000
14891 10000
14892 10000
14893 10000
14894 10000
14895 10000
14896 10000
14897 10000
14898 10000
14899 10000
14900 10000
14901 10000
14902 10000
14903 10000
14904 10000
14905 10000
14906 10000
14907 10000
14908 10000
14909 10000
14910 10000
14911 10000
14912 10000
14913 10000
14914 10000
14915 10000
14916 10000
14917 10000
14918 10000
14919 10000
14920 10000
14921 10000
14922 10000
14923 10000
14924 10000
14925 10000
14926 10000
14927 10000
14928 10000
14929 10000
14930 10000
14931 10000
14932 10000
14933 10000
14934 10000
14935 10000
14936 10000
14937 10000
14938 10000
14939 10000
14940 10000
14941 10000
14942 10000
14943 10000
14944 10000
14945 10000
14946 10000
14947 10000
14948 10000
14949 10000
14950 10000
14951 10000
14952 10000
14953 10000
14954 10000
14955 10000
14956 10000
14957 10000
14958 10000
14959 10000
14960 10000
14961 10000
14962 10000
14963 10000
14964 10000
14965 10000
14966 10000
14967 10000
14968 10000
14969 10000
14970 10000
14971 10000
14972 10000
14973 10000
14974 10000
14975 10000
14976 10000
14977 10000
14978 10000
14979 10000
14980 10000
14981 10000
14982 10000
14983 10000
14984 10000
14985 10000
14986 10000
14987 10000
14988 10000
14989 10000
14990 10000
14991 10000
14992 10000
14993 10000
14994 10000
14995 10000
14996 10000
14997 10000
14998 10000
14999 10000
15000 10000
15001 10000
15002 10000
15003 10000
15004 10000
15005 10000
15006 10000
15007 10000
15008 10000
15009 10000
15010 10000
15011 10000
15012 10000
15013 10000
15014 10000
15015 10000
15016 10000
15017 10000
15018 10000
15019 10000
15020 10000
15021 10000
15022 10000
15023 10000
15024 10000
15025 10000
15026 10000
15027 10000
15028 10000
15029 10000
15030 10000
15031 10000
15032 10000
15033 10000
15034 10000
15035 10000
15036 10000
15037 10000
15038 10000
15039 10000
15040 10000
15041 10000
15042 10000
15043 10000
15044 10000
15045 10000
15046 10000
15047 10000
15048 10000
15049 10000
15050 10000
15051 10000
15052 10000
15053 10000
15054 10000
15055 10000
15056 10000
15057 10000
15058 10000
15059 10000
15060 10000
15061 10000
15062 10000
15063 10000
15064 10000
15065 10000
15066 10000
15067 10000
15068 10000
15069 10000
15070 10000
15071 10000
15072 10000
15073 10000
15074 10000
15075 10000
15076 10000
15077 10000
15078 10000
15079 10000
15080 10000
15081 10000
15082 10000
15083 10000
15084 10000
15085 10000
15086 10000
15087 10000
15088 10000
15089 10000
15090 10000
15091 10000
15092 10000
15093 10000
15094 10000
15095 10000
15096 10000
15097 10000
15098 10000
15099 10000
15100 10000
15101 10000
15102 10000
15103 10000
15104 10000
15105 10000
15106 10000
15107 10000
15108 10000
15109 10000
15110 10000
15111 10000
15112 10000
15113 10000
15114 10000
15115 10000
15116 10000
15117 10000
15118 10000
15119 10000
15120 10000
15121 10000
15122 10000
15123 10000
15124 10000
15125 10000
15126 10000
15127 10000
15128 10000
15129 10000
15130 10000
15131 10000
15132 10000
15133 10000
15134 10000
15135 10000
15136 10000
15137 10000
15138 10000
15139 10000
15140 10000
15141 10000
15142 10000
15143 10000
15144 10000
15145 10000
15146 10000
15147 10000
15148 10000
15149 10000
15150 10000
15151 10000
15152 10000
15153 10000
15154 10000
15155 10000
15156 10000
15157 10000
15158 10000
15159 10000
15160 10000
15161 10000
15162 10000
15163 10000
15164 10000
15165 10000
15166 10000
15167 10000
15168 10000
15169 10000
15170 10000
15171 10000
15172 10000
15173 10000
15174 10000
15175 10000
15176 10000
15177 10000
15178 10000
15179 10000
15180 10000
15181 10000
15182 10000
15183 10000
15184 10000
15185 10000
15186 10000
15187 10000
15188 10000
15189 10000
15190 10000
15191 10000
15192 10000
15193 10000
15194 10000
15195 10000
15196 10000
15197 10000
15198 10000
15199 10000
15200 10000
15201 10000
15202 10000
15203 10000
15204 10000
15205 10000
15206 10000
15207 10000
15208 10000
15209 10000
15210 10000
15211 10000
15212 10000
15213 10000
15214 10000
15215 10000
15216 10000
15217 10000
15218 10000
15219 10000
15220 10000
15221 10000
15222 10000
15223 10000
15224 10000
15225 10000
15226 10000
15227 10000
15228 10000
15229 10000
15230 10000
15231 10000
15232 10000
15233 10000
15234 10000
15235 10000
15236 10000
15237 10000
15238 10000
15239 10000
15240 10000
15241 10000
15242 10000
15243 10000
15244 10000
15245 10000
15246 10000
15247 10000
15248 10000
15249 10000
15250 10000
15251 10000
15252 10000
15253 10000
15254 10000
15255 10000
15256 10000
15257 10000
15258 10000
15259 10000
15260 10000
15261 10000
15262 10000
15263 10000
15264 10000
15265 10000
15266 10000
15267 10000
15268 10000
15269 10000
15270 10000
15271 10000
15272 10000
15273 10000
15274 10000
15275 10000
15276 10000
15277 10000
15278 10000
15279 10000
15280 10000
15281 10000
15282 10000
15283 10000
15284 10000
15285 10000
15286 10000
15287 10000
15288 10000
15289 10000
15290 10000
15291 10000
15292 10000
15293 10000
15294 10000
15295 10000
15296 10000
15297 10000
15298 10000
15299 10000
15300 10000
15301 10000
15302 10000
15303 10000
15304 10000
15305 10000
15306 10000
15307 10000
15308 10000
15309 10000
15310 10000
15311 10000
15312 10000
15313 10000
15314 10000
15315 10000
15316 10000
15317 10000
15318 10000
15319 10000
15320 10000
15321 10000
15322 10000
15323 10000
15324 10000
15325 10000
15326 10000
15327 10000
15328 10000
15329 10000
15330 10000
15331 10000
15332 10000
15333 10000
15334 10000
15335 10000
15336 10000
15337 10000
15338 10000
15339 10000
15340 10000
15341 10000
15342 10000
15343 10000
15344 10000
15345 10000
15346 10000
15347 10000
15348 10000
15349 10000
15350 10000
15351 10000
15352 10000
15353 10000
15354 10000
15355 10000
15356 10000
15357 10000
15358 10000
15359 10000
15360 10000
15361 10000
15362 10000
15363 10000
15364 10000
15365 10000
15366 10000
15367 10000
15368 10000
15369 10000
15370 10000
15371 10000
15372 10000
15373 10000
15374 10000
15375 10000
15376 10000
15377 10000
15378 10000
15379 10000
15380 10000
15381 10000
15382 10000
15383 10000
15384 10000
15385 10000
15386 10000
15387 10000
15388 10000
15389 10000
15390 10000
15391 10000
15392 10000
15393 10000
15394 10000
15395 10000
15396 10000
15397 10000
15398 10000
15399 10000
15400 10000
15401 10000
15402 10000
15403 10000
15404 10000
15405 10000
15406 10000
15407 10000
15408 10000
15409 10000
15410 10000
15411 10000
15412 10000
15413 10000
15414 10000
15415 10000
15416 10000
15417 10000
15418 10000
15419 10000
15420 10000
15421 10000
15422 10000
15423 10000
15424 10000
15425 10000
15426 10000
15427 10000
15428 10000
15429 10000
15430 10000
15431 10000
15432 10000
15433 10000
15434 10000
15435 10000
15436 10000
15437 10000
15438 10000
15439 10000
15440 10000
15441 10000
15442 10000
15443 10000
15444 10000
15445 10000
15446 10000
15447 10000
15448 10000
15449 10000
15450 10000
15451 10000
15452 10000
15453 10000
15454 10000
15455 10000
15456 10000
15457 10000
15458 10000
15459 10000
15460 10000
15461 10000
15462 10000
15463 10000
15464 10000
15465 10000
15466 10000
15467 10000
15468 10000
15469 10000
15470 10000
15471 10000
15472 10000
15473 10000
15474 10000
15475 10000
15476 10000
15477 10000
15478 10000
15479 10000
15480 10000
15481 10000
15482 10000
15483 10000
15484 10000
15485 10000
15486 10000
15487 10000
15488 10000
15489 10000
15490 10000
15491 10000
15492 10000
15493 10000
15494 10000
15495 10000
15496 10000
15497 10000
15498 10000
15499 10000
15500 10000
15501 10000
15502 10000
15503 10000
15504 10000
15505 10000
15506 10000
15507 10000
15508 10000
15509 10000
15510 10000
15511 10000
15512 10000
15513 10000
15514 10000
15515 10000
15516 10000
15517 10000
15518 10000
15519 10000
15520 10000
15521 10000
15522 10000
15523 10000
15524 10000
15525 10000
15526 10000
15527 10000
15528 10000
15529 10000
15530 10000
15531 10000
15532 10000
15533 10000
15534 10000
15535 10000
15536 10000
15537 10000
15538 10000
15539 10000
15540 10000
15541 10000
15542 10000
15543 10000
15544 10000
15545 10000
15546 10000
15547 10000
15548 10000
15549 10000
15550 10000
15551 10000
15552 10000
15553 10000
15554 10000
15555 10000
15556 10000
15557 10000
15558 10000
15559 10000
15560 10000
15561 10000
15562 10000
15563 10000
15564 10000
15565 10000
15566 10000
15567 10000
15568 10000
15569 10000
15570 10000
15571 10000
15572 10000
15573 10000
15574 10000
15575 10000
15576 10000
15577 10000
15578 10000
15579 10000
15580 10000
15581 10000
15582 10000
15583 10000
15584 10000
15585 10000
15586 10000
15587 10000
15588 10000
15589 10000
15590 10000
15591 10000
15592 10000
15593 10000
15594 10000
15595 10000
15596 10000
15597 10000
15598 10000
15599 10000
15600 10000
15601 10000
15602 10000
15603 10000
15604 10000
15605 10000
15606 10000
15607 10000
15608 10000
15609 10000
15610 10000
15611 10000
15612 10000
15613 10000
15614 10000
15615 10000
15616 10000
15617 10000
15618 10000
15619 10000
15620 10000
15621 10000
15622 10000
15623 10000
15624 10000
15625 10000
15626 10000
15627 10000
15628 10000
15629 10000
15630 10000
15631 10000
15632 10000
15633 10000
15634 10000
15635 10000
15636 10000
15637 10000
15638 10000
15639 10000
15640 10000
15641 10000
15642 10000
15643 10000
15644 10000
15645 10000
15646 10000
15647 10000
15648 10000
15649 10000
15650 10000
15651 10000
15652 10000
15653 10000
15654 10000
15655 10000
15656 10000
15657 10000
15658 10000
15659 10000
15660 10000
15661 10000
15662 10000
15663 10000
15664 10000
15665 10000
15666 10000
15667 10000
15668 10000
15669 10000
15670 10000
15671 10000
15672 10000
15673 10000
15674 10000
15675 10000
15676 10000
15677 10000
15678 10000
15679 10000
15680 10000
15681 10000
15682 10000
15683 10000
15684 10000
15685 10000
15686 10000
15687 10000
15688 10000
15689 10000
15690 10000
15691 10000
15692 10000
15693 10000
15694 10000
15695 10000
15696 10000
15697 10000
15698 10000
15699 10000
15700 10000
15701 10000
15702 10000
15703 10000
15704 10000
15705 10000
15706 10000
15707 10000
15708 10000
15709 10000
15710 10000
15711 10000
15712 10000
15713 10000
15714 10000
15715 10000
15716 10000
15717 10000
15718 10000
15719 10000
15720 10000
15721 10000
15722 10000
15723 10000
15724 10000
15725 10000
15726 10000
15727 10000
15728 10000
15729 10000
15730 10000
15731 10000
15732 10000
15733 10000
15734 10000
15735 10000
15736 10000
15737 10000
15738 10000
15739 10000
15740 10000
15741 10000
15742 10000
15743 10000
15744 10000
15745 10000
15746 10000
15747 10000
15748 10000
15749 10000
15750 10000
15751 10000
15752 10000
15753 10000
15754 10000
15755 10000
15756 10000
15757 10000
15758 10000
15759 10000
15760 10000
15761 10000
15762 10000
15763 10000
15764 10000
15765 10000
15766 10000
15767 10000
15768 10000
15769 10000
15770 10000
15771 10000
15772 10000
15773 10000
15774 10000
15775 10000
15776 10000
15777 10000
15778 10000
15779 10000
15780 10000
15781 10000
15782 10000
15783 10000
15784 10000
15785 10000
15786 10000
15787 10000
15788 10000
15789 10000
15790 10000
15791 10000
15792 10000
15793 10000
15794 10000
15795 10000
15796 10000
15797 10000
15798 10000
15799 10000
15800 10000
15801 10000
15802 10000
15803 10000
15804 10000
15805 10000
15806 10000
15807 10000
15808 10000
15809 10000
15810 10000
15811 10000
15812 10000
15813 10000
15814 10000
15815 10000
15816 10000
15817 10000
15818 10000
15819 10000
15820 10000
15821 10000
15822 10000
15823 10000
15824 10000
15825 10000
15826 10000
15827 10000
15828 10000
15829 10000
15830 10000
15831 10000
15832 10000
15833 10000
15834 10000
15835 10000
15836 10000
15837 10000
15838 10000
15839 10000
15840 10000
15841 10000
15842 10000
15843 10000
15844 10000
15845 10000
15846 10000
15847 10000
15848 10000
15849 10000
15850 10000
15851 10000
15852 10000
15853 10000
15854 10000
15855 10000
15856 10000
15857 10000
15858 10000
15859 10000
15860 10000
15861 10000
15862 10000
15863 10000
15864 10000
15865 10000
15866 10000
15867 10000
15868 10000
15869 10000
15870 10000
15871 10000
15872 10000
15873 10000
15874 10000
15875 10000
15876 10000
15877 10000
15878 10000
15879 10000
15880 10000
15881 10000
15882 10000
15883 10000
15884 10000
15885 10000
15886 10000
15887 10000
15888 10000
15889 10000
15890 10000
15891 10000
15892 10000
15893 10000
15894 10000
15895 10000
15896 10000
15897 10000
15898 10000
15899 10000
15900 10000
15901 10000
15902 10000
15903 10000
15904 10000
15905 10000
15906 10000
15907 10000
15908 10000
15909 10000
15910 10000
15911 10000
15912 10000
15913 10000
15914 10000
15915 10000
15916 10000
15917 10000
15918 10000
15919 10000
15920 10000
15921 10000
15922 10000
15923 10000
15924 10000
15925 10000
15926 10000
15927 10000
15928 10000
15929 10000
15930 10000
15931 10000
15932 10000
15933 10000
15934 10000
15935 10000
15936 10000
15937 10000
15938 10000
15939 10000
15940 10000
15941 10000
15942 10000
15943 10000
15944 10000
15945 10000
15946 10000
15947 10000
15948 10000
15949 10000
15950 10000
15951 10000
15952 10000
15953 10000
15954 10000
15955 10000
15956 10000
15957 10000
15958 10000
15959 10000
15960 10000
15961 10000
15962 10000
15963 10000
15964 10000
15965 10000
15966 10000
15967 10000
15968 10000
15969 10000
15970 10000
15971 10000
15972 10000
15973 10000
15974 10000
15975 10000
15976 10000
15977 10000
15978 10000
15979 10000
15980 10000
15981 10000
15982 10000
15983 10000
15984 10000
15985 10000
15986 10000
15987 10000
15988 10000
15989 10000
15990 10000
15991 10000
15992 10000
15993 10000
15994 10000
15995 10000
15996 10000
15997 10000
15998 10000
15999 10000
16000 10000
16001 10000
16002 10000
16003 10000
16004 10000
16005 10000
16006 10000
16007 10000
16008 10000
16009 10000
16010 10000
16011 10000
16012 10000
16013 10000
16014 10000
16015 10000
16016 10000
16017 10000
16018 10000
16019 10000
16020 10000
16021 10000
16022 10000
16023 10000
16024 10000
16025 10000
16026 10000
16027 10000
16028 10000
16029 10000
16030 10000
16031 10000
16032 10000
16033 10000
16034 10000
16035 10000
16036 10000
16037 10000
16038 10000
16039 10000
16040 10000
16041 10000
16042 10000
16043 10000
16044 10000
16045 10000
16046 10000
16047 10000
16048 10000
16049 10000
16050 10000
16051 10000
16052 10000
16053 10000
16054 10000
16055 10000
16056 10000
16057 10000
16058 10000
16059 10000
16060 10000
16061 10000
16062 10000
16063 10000
16064 10000
16065 10000
16066 10000
16067 10000
16068 10000
16069 10000
16070 10000
16071 10000
16072 10000
16073 10000
16074 10000
16075 10000
16076 10000
16077 10000
16078 10000
16079 10000
16080 10000
16081 10000
16082 10000
16083 10000
16084 10000
16085 10000
16086 10000
16087 10000
16088 10000
16089 10000
16090 10000
16091 10000
16092 10000
16093 10000
16094 10000
16095 10000
16096 10000
16097 10000
16098 10000
16099 10000
16100 10000
16101 10000
16102 10000
16103 10000
16104 10000
16105 10000
16106 10000
16107 10000
16108 10000
16109 10000
16110 10000
16111 10000
16112 10000
16113 10000
16114 10000
16115 10000
16116 10000
16117 10000
16118 10000
16119 10000
16120 10000
16121 10000
16122 10000
16123 10000
16124 10000
16125 10000
16126 10000
16127 10000
16128 10000
16129 10000
16130 10000
16131 10000
16132 10000
16133 10000
16134 10000
16135 10000
16136 10000
16137 10000
16138 10000
16139 10000
16140 10000
16141 10000
16142 10000
16143 10000
16144 10000
16145 10000
16146 10000
16147 10000
16148 10000
16149 10000
16150 10000
16151 10000
16152 10000
16153 10000
16154 10000
16155 10000
16156 10000
16157 10000
16158 10000
16159 10000
16160 10000
16161 10000
16162 10000
16163 10000
16164 10000
16165 10000
16166 10000
16167 10000
16168 10000
16169 10000
16170 10000
16171 10000
16172 10000
16173 10000
16174 10000
16175 10000
16176 10000
16177 10000
16178 10000
16179 10000
16180 10000
16181 10000
16182 10000
16183 10000
16184 10000
16185 10000
16186 10000
16187 10000
16188 10000
16189 10000
16190 10000
16191 10000
16192 10000
16193 10000
16194 10000
16195 10000
16196 10000
16197 10000
16198 10000
16199 10000
16200 10000
16201 10000
16202 10000
16203 10000
16204 10000
16205 10000
16206 10000
16207 10000
16208 10000
16209 10000
16210 10000
16211 10000
16212 10000
16213 10000
16214 10000
16215 10000
16216 10000
16217 10000
16218 10000
16219 10000
16220 10000
16221 10000
16222 10000
16223 10000
16224 10000
16225 10000
16226 10000
16227 10000
16228 10000
16229 10000
16230 10000
16231 10000
16232 10000
16233 10000
16234 10000
16235 10000
16236 10000
16237 10000
16238 10000
16239 10000
16240 10000
16241 10000
16242 10000
16243 10000
16244 10000
16245 10000
16246 10000
16247 10000
16248 10000
16249 10000
16250 10000
16251 10000
16252 10000
16253 10000
16254 10000
16255 10000
16256 10000
16257 10000
16258 10000
16259 10000
16260 10000
16261 10000
16262 10000
16263 10000
16264 10000
16265 10000
16266 10000
16267 10000
16268 10000
16269 10000
16270 10000
16271 10000
16272 10000
16273 10000
16274 10000
16275 10000
16276 10000
16277 10000
16278 10000
16279 10000
16280 10000
16281 10000
16282 10000
16283 10000
16284 10000
16285 10000
16286 10000
16287 10000
16288 10000
16289 10000
16290 10000
16291 10000
16292 10000
16293 10000
16294 10000
16295 10000
16296 10000
16297 10000
16298 10000
16299 10000
16300 10000
16301 10000
16302 10000
16303 10000
16304 10000
16305 10000
16306 10000
16307 10000
16308 10000
16309 10000
16310 10000
16311 10000
16312 10000
16313 10000
16314 10000
16315 10000
16316 10000
16317 10000
16318 10000
16319 10000
16320 10000
16321 10000
16322 10000
16323 10000
16324 10000
16325 10000
16326 10000
16327 10000
16328 10000
16329 10000
16330 10000
16331 10000
16332 10000
16333 10000
16334 10000
16335 10000
16336 10000
16337 10000
16338 10000
16339 10000
16340 10000
16341 10000
16342 10000
16343 10000
16344 10000
16345 10000
16346 10000
16347 10000
16348 10000
16349 10000
16350 10000
16351 10000
16352 10000
16353 10000
16354 10000
16355 10000
16356 10000
16357 10000
16358 10000
16359 10000
16360 10000
16361 10000
16362 10000
16363 10000
16364 10000
16365 10000
16366 10000
16367 10000
16368 10000
16369 10000
16370 10000
16371 10000
16372 10000
16373 10000
16374 10000
16375 10000
16376 10000
16377 10000
16378 10000
16379 10000
16380 10000
16381 10000
16382 10000
16383 10000
16384 10000
16385 10000
16386 10000
16387 10000
16388 10000
16389 10000
16390 10000
16391 10000
16392 10000
16393 10000
16394 10000
16395 10000
16396 10000
16397 10000
16398 10000
16399 10000
16400 10000
16401 10000
16402 10000
16403 10000
16404 10000
16405 10000
16406 10000
16407 10000
16408 10000
16409 10000
16410 10000
16411 10000
16412 10000
16413 10000
16414 10000
16415 10000
16416 10000
16417 10000
16418 10000
16419 10000
16420 10000
16421 10000
16422 10000
16423 10000
16424 10000
16425 10000
16426 10000
16427 10000
16428 10000
16429 10000
16430 10000
16431 10000
16432 10000
16433 10000
16434 10000
16435 10000
16436 10000
16437 10000
16438 10000
16439 10000
16440 10000
16441 10000
16442 10000
16443 10000
16444 10000
16445 10000
16446 10000
16447 10000
16448 10000
16449 10000
16450 10000
16451 10000
16452 10000
16453 10000
16454 10000
16455 10000
16456 10000
16457 10000
16458 10000
16459 10000
16460 10000
16461 10000
16462 10000
16463 10000
16464 10000
16465 10000
16466 10000
16467 10000
16468 10000
16469 10000
16470 10000
16471 10000
16472 10000
16473 10000
16474 10000
16475 10000
16476 10000
16477 10000
16478 10000
16479 10000
16480 10000
16481 10000
16482 10000
16483 10000
16484 10000
16485 10000
16486 10000
16487 10000
16488 10000
16489 10000
16490 10000
16491 10000
16492 10000
16493 10000
16494 10000
16495 10000
16496 10000
16497 10000
16498 10000
16499 10000
16500 10000
16501 10000
16502 10000
16503 10000
16504 10000
16505 10000
16506 10000
16507 10000
16508 10000
16509 10000
16510 10000
16511 10000
16512 10000
16513 10000
16514 10000
16515 10000
16516 10000
16517 10000
16518 10000
16519 10000
16520 10000
16521 10000
16522 10000
16523 10000
16524 10000
16525 10000
16526 10000
16527 10000
16528 10000
16529 10000
16530 10000
16531 10000
16532 10000
16533 10000
16534 10000
16535 10000
16536 10000
16537 10000
16538 10000
16539 10000
16540 10000
16541 10000
16542 10000
16543 10000
16544 10000
16545 10000
16546 10000
16547 10000
16548 10000
16549 10000
16550 10000
16551 10000
16552 10000
16553 10000
16554 10000
16555 10000
16556 10000
16557 10000
16558 10000
16559 10000
16560 10000
16561 10000
16562 10000
16563 10000
16564 10000
16565 10000
16566 10000
16567 10000
16568 10000
16569 10000
16570 10000
16571 10000
16572 10000
16573 10000
16574 10000
16575 10000
16576 10000
16577 10000
16578 10000
16579 10000
16580 10000
16581 10000
16582 10000
16583 10000
16584 10000
16585 10000
16586 10000
16587 10000
16588 10000
16589 10000
16590 10000
16591 10000
16592 10000
16593 10000
16594 10000
16595 10000
16596 10000
16597 10000
16598 10000
16599 10000
16600 10000
16601 10000
16602 10000
16603 10000
16604 10000
16605 10000
16606 10000
16607 10000
16608 10000
16609 10000
16610 10000
16611 10000
16612 10000
16613 10000
16614 10000
16615 10000
16616 10000
16617 10000
16618 10000
16619 10000
16620 10000
16621 10000
16622 10000
16623 10000
16624 10000
16625 10000
16626 10000
16627 10000
16628 10000
16629 10000
16630 10000
16631 10000
16632 10000
16633 10000
16634 10000
16635 10000
16636 10000
16637 10000
16638 10000
16639 10000
16640 10000
16641 10000
16642 10000
16643 10000
16644 10000
16645 10000
16646 10000
16647 10000
16648 10000
16649 10000
16650 10000
16651 10000
16652 10000
16653 10000
16654 10000
16655 10000
16656 10000
16657 10000
16658 10000
16659 10000
16660 10000
16661 10000
16662 10000
16663 10000
16664 10000
16665 10000
16666 10000
16667 10000
16668 10000
16669 10000
16670 10000
16671 10000
16672 10000
16673 10000
16674 10000
16675 10000
16676 10000
16677 10000
16678 10000
16679 10000
16680 10000
16681 10000
16682 10000
16683 10000
16684 10000
16685 10000
16686 10000
16687 10000
16688 10000
16689 10000
16690 10000
16691 10000
16692 10000
16693 10000
16694 10000
16695 10000
16696 10000
16697 10000
16698 10000
16699 10000
16700 10000
16701 10000
16702 10000
16703 10000
16704 10000
16705 10000
16706 10000
16707 10000
16708 10000
16709 10000
16710 10000
16711 10000
16712 10000
16713 10000
16714 10000
16715 10000
16716 10000
16717 10000
16718 10000
16719 10000
16720 10000
16721 10000
16722 10000
16723 10000
16724 10000
16725 10000
16726 10000
16727 10000
16728 10000
16729 10000
16730 10000
16731 10000
16732 10000
16733 10000
16734 10000
16735 10000
16736 10000
16737 10000
16738 10000
16739 10000
16740 10000
16741 10000
16742 10000
16743 10000
16744 10000
16745 10000
16746 10000
16747 10000
16748 10000
16749 10000
16750 10000
16751 10000
16752 10000
16753 10000
16754 10000
16755 10000
16756 10000
16757 10000
16758 10000
16759 10000
16760 10000
16761 10000
16762 10000
16763 10000
16764 10000
16765 10000
16766 10000
16767 10000
16768 10000
16769 10000
16770 10000
16771 10000
16772 10000
16773 10000
16774 10000
16775 10000
16776 10000
16777 10000
16778 10000
16779 10000
16780 10000
16781 10000
16782 10000
16783 10000
16784 10000
16785 10000
16786 10000
16787 10000
16788 10000
16789 10000
16790 10000
16791 10000
16792 10000
16793 10000
16794 10000
16795 10000
16796 10000
16797 10000
16798 10000
16799 10000
16800 10000
16801 10000
16802 10000
16803 10000
16804 10000
16805 10000
16806 10000
16807 10000
16808 10000
16809 10000
16810 10000
16811 10000
16812 10000
16813 10000
16814 10000
16815 10000
16816 10000
16817 10000
16818 10000
16819 10000
16820 10000
16821 10000
16822 10000
16823 10000
16824 10000
16825 10000
16826 10000
16827 10000
16828 10000
16829 10000
16830 10000
16831 10000
16832 10000
16833 10000
16834 10000
16835 10000
16836 10000
16837 10000
16838 10000
16839 10000
16840 10000
16841 10000
16842 10000
16843 10000
16844 10000
16845 10000
16846 10000
16847 10000
16848 10000
16849 10000
16850 10000
16851 10000
16852 10000
16853 10000
16854 10000
16855 10000
16856 10000
16857 10000
16858 10000
16859 10000
16860 10000
16861 10000
16862 10000
16863 10000
16864 10000
16865 10000
16866 10000
16867 10000
16868 10000
16869 10000
16870 10000
16871 10000
16872 10000
16873 10000
16874 10000
16875 10000
16876 10000
16877 10000
16878 10000
16879 10000
16880 10000
16881 10000
16882 10000
16883 10000
16884 10000
16885 10000
16886 10000
16887 10000
16888 10000
16889 10000
16890 10000
16891 10000
16892 10000
16893 10000
16894 10000
16895 10000
16896 10000
16897 10000
16898 10000
16899 10000
16900 10000
16901 10000
16902 10000
16903 10000
16904 10000
16905 10000
16906 10000
16907 10000
16908 10000
16909 10000
16910 10000
16911 10000
16912 10000
16913 10000
16914 10000
16915 10000
16916 10000
16917 10000
16918 10000
16919 10000
16920 10000
16921 10000
16922 10000
16923 10000
16924 10000
16925 10000
16926 10000
16927 10000
16928 10000
16929 10000
16930 10000
16931 10000
16932 10000
16933 10000
16934 10000
16935 10000
16936 10000
16937 10000
16938 10000
16939 10000
16940 10000
16941 10000
16942 10000
16943 10000
16944 10000
16945 10000
16946 10000
16947 10000
16948 10000
16949 10000
16950 10000
16951 10000
16952 10000
16953 10000
16954 10000
16955 10000
16956 10000
16957 10000
16958 10000
16959 10000
16960 10000
16961 10000
16962 10000
16963 10000
16964 10000
16965 10000
16966 10000
16967 10000
16968 10000
16969 10000
16970 10000
16971 10000
16972 10000
16973 10000
16974 10000
16975 10000
16976 10000
16977 10000
16978 10000
16979 10000
16980 10000
16981 10000
16982 10000
16983 10000
16984 10000
16985 10000
16986 10000
16987 10000
16988 10000
16989 10000
16990 10000
16991 10000
16992 10000
16993 10000
16994 10000
16995 10000
16996 10000
16997 10000
16998 10000
16999 10000
17000 10000
17001 10000
17002 10000
17003 10000
17004 10000
17005 10000
17006 10000
17007 10000
17008 10000
17009 10000
17010 10000
17011 10000
17012 10000
17013 10000
17014 10000
17015 10000
17016 10000
17017 10000
17018 10000
17019 10000
17020 10000
17021 10000
17022 10000
17023 10000
17024 10000
17025 10000
17026 10000
17027 10000
17028 10000
17029 10000
17030 10000
17031 10000
17032 10000
17033 10000
17034 10000
17035 10000
17036 10000
17037 10000
17038 10000
17039 10000
17040 10000
17041 10000
17042 10000
17043 10000
17044 10000
17045 10000
17046 10000
17047 10000
17048 10000
17049 10000
17050 10000
17051 10000
17052 10000
17053 10000
17054 10000
17055 10000
17056 10000
17057 10000
17058 10000
17059 10000
17060 10000
17061 10000
17062 10000
17063 10000
17064 10000
17065 10000
17066 10000
17067 10000
17068 10000
17069 10000
17070 10000
17071 10000
17072 10000
17073 10000
17074 10000
17075 10000
17076 10000
17077 10000
17078 10000
17079 10000
17080 10000
17081 10000
17082 10000
17083 10000
17084 10000
17085 10000
17086 10000
17087 10000
17088 10000
17089 10000
17090 10000
17091 10000
17092 10000
17093 10000
17094 10000
17095 10000
17096 10000
17097 10000
17098 10000
17099 10000
17100 10000
17101 10000
17102 10000
17103 10000
17104 10000
17105 10000
17106 10000
17107 10000
17108 10000
17109 10000
17110 10000
17111 10000
17112 10000
17113 10000
17114 10000
17115 10000
17116 10000
17117 10000
17118 10000
17119 10000
17120 10000
17121 10000
17122 10000
17123 10000
17124 10000
17125 10000
17126 10000
17127 10000
17128 10000
17129 10000
17130 10000
17131 10000
17132 10000
17133 10000
17134 10000
17135 10000
17136 10000
17137 10000
17138 10000
17139 10000
17140 10000
17141 10000
17142 10000
17143 10000
17144 10000
17145 10000
17146 10000
17147 10000
17148 10000
17149 10000
17150 10000
17151 10000
17152 10000
17153 10000
17154 10000
17155 10000
17156 10000
17157 10000
17158 10000
17159 10000
17160 10000
17161 10000
17162 10000
17163 10000
17164 10000
17165 10000
17166 10000
17167 10000
17168 10000
17169 10000
17170 10000
17171 10000
17172 10000
17173 10000
17174 10000
17175 10000
17176 10000
17177 10000
17178 10000
17179 10000
17180 10000
17181 10000
17182 10000
17183 10000
17184 10000
17185 10000
17186 10000
17187 10000
17188 10000
17189 10000
17190 10000
17191 10000
17192 10000
17193 10000
17194 10000
17195 10000
17196 10000
17197 10000
17198 10000
17199 10000
17200 10000
17201 10000
17202 10000
17203 10000
17204 10000
17205 10000
17206 10000
17207 10000
17208 10000
17209 10000
17210 10000
17211 10000
17212 10000
17213 10000
17214 10000
17215 10000
17216 10000
17217 10000
17218 10000
17219 10000
17220 10000
17221 10000
17222 10000
17223 10000
17224 10000
17225 10000
17226 10000
17227 10000
17228 10000
17229 10000
17230 10000
17231 10000
17232 10000
17233 10000
17234 10000
17235 10000
17236 10000
17237 10000
17238 10000
17239 10000
17240 10000
17241 10000
17242 10000
17243 10000
17244 10000
17245 10000
17246 10000
17247 10000
17248 10000
17249 10000
17250 10000
17251 10000
17252 10000
17253 10000
17254 10000
17255 10000
17256 10000
17257 10000
17258 10000
17259 10000
17260 10000
17261 10000
17262 10000
17263 10000
17264 10000
17265 10000
17266 10000
17267 10000
17268 10000
17269 10000
17270 10000
17271 10000
17272 10000
17273 10000
17274 10000
17275 10000
17276 10000
17277 10000
17278 10000
17279 10000
17280 10000
17281 10000
17282 10000
17283 10000
17284 10000
17285 10000
17286 10000
17287 10000
17288 10000
17289 10000
17290 10000
17291 10000
17292 10000
17293 10000
17294 10000
17295 10000
17296 10000
17297 10000
17298 10000
17299 10000
17300 10000
17301 10000
17302 10000
17303 10000
17304 10000
17305 10000
17306 10000
17307 10000
17308 10000
17309 10000
17310 10000
17311 10000
17312 10000
17313 10000
17314 10000
17315 10000
17316 10000
17317 10000
17318 10000
17319 10000
17320 10000
17321 10000
17322 10000
17323 10000
17324 10000
17325 10000
17326 10000
17327 10000
17328 10000
17329 10000
17330 10000
17331 10000
17332 10000
17333 10000
17334 10000
17335 10000
17336 10000
17337 10000
17338 10000
17339 10000
17340 10000
17341 10000
17342 10000
17343 10000
17344 10000
17345 10000
17346 10000
17347 10000
17348 10000
17349 10000
17350 10000
17351 10000
17352 10000
17353 10000
17354 10000
17355 10000
17356 10000
17357 10000
17358 10000
17359 10000
17360 10000
17361 10000
17362 10000
17363 10000
17364 10000
17365 10000
17366 10000
17367 10000
17368 10000
17369 10000
17370 10000
17371 10000
17372 10000
17373 10000
17374 10000
17375 10000
17376 10000
17377 10000
17378 10000
17379 10000
17380 10000
17381 10000
17382 10000
17383 10000
17384 10000
17385 10000
17386 10000
17387 10000
17388 10000
17389 10000
17390 10000
17391 10000
17392 10000
17393 10000
17394 10000
17395 10000
17396 10000
17397 10000
17398 10000
17399 10000
17400 10000
17401 10000
17402 10000
17403 10000
17404 10000
17405 10000
17406 10000
17407 10000
17408 10000
17409 10000
17410 10000
17411 10000
17412 10000
17413 10000
17414 10000
17415 10000
17416 10000
17417 10000
17418 10000
17419 10000
17420 10000
17421 10000
17422 10000
17423 10000
17424 10000
17425 10000
17426 10000
17427 10000
17428 10000
17429 10000
17430 10000
17431 10000
17432 10000
17433 10000
17434 10000
17435 10000
17436 10000
17437 10000
17438 10000
17439 10000
17440 10000
17441 10000
17442 10000
17443 10000
17444 10000
17445 10000
17446 10000
17447 10000
17448 10000
17449 10000
17450 10000
17451 10000
17452 10000
17453 10000
17454 10000
17455 10000
17456 10000
17457 10000
17458 10000
17459 10000
17460 10000
17461 10000
17462 10000
17463 10000
17464 10000
17465 10000
17466 10000
17467 10000
17468 10000
17469 10000
17470 10000
17471 10000
17472 10000
17473 10000
17474 10000
17475 10000
17476 10000
17477 10000
17478 10000
17479 10000
17480 10000
17481 10000
17482 10000
17483 10000
17484 10000
17485 10000
17486 10000
17487 10000
17488 10000
17489 10000
17490 10000
17491 10000
17492 10000
17493 10000
17494 10000
17495 10000
17496 10000
17497 10000
17498 10000
17499 10000
17500 10000
17501 10000
17502 10000
17503 10000
17504 10000
17505 10000
17506 10000
17507 10000
17508 10000
17509 10000
17510 10000
17511 10000
17512 10000
17513 10000
17514 10000
17515 10000
17516 10000
17517 10000
17518 10000
17519 10000
17520 10000
17521 10000
17522 10000
17523 10000
17524 10000
17525 10000
17526 10000
17527 10000
17528 10000
17529 10000
17530 10000
17531 10000
17532 10000
17533 10000
17534 10000
17535 10000
17536 10000
17537 10000
17538 10000
17539 10000
17540 10000
17541 10000
17542 10000
17543 10000
17544 10000
17545 10000
17546 10000
17547 10000
17548 10000
17549 10000
17550 10000
17551 10000
17552 10000
17553 10000
17554 10000
17555 10000
17556 10000
17557 10000
17558 10000
17559 10000
17560 10000
17561 10000
17562 10000
17563 10000
17564 10000
17565 10000
17566 10000
17567 10000
17568 10000
17569 10000
17570 10000
17571 10000
17572 10000
17573 10000
17574 10000
17575 10000
17576 10000
17577 10000
17578 10000
17579 10000
17580 10000
17581 10000
17582 10000
17583 10000
17584 10000
17585 10000
17586 10000
17587 10000
17588 10000
17589 10000
17590 10000
17591 10000
17592 10000
17593 10000
17594 10000
17595 10000
17596 10000
17597 10000
17598 10000
17599 10000
17600 10000
17601 10000
17602 10000
17603 10000
17604 10000
17605 10000
17606 10000
17607 10000
17608 10000
17609 10000
17610 10000
17611 10000
17612 10000
17613 10000
17614 10000
17615 10000
17616 10000
17617 10000
17618 10000
17619 10000
17620 10000
17621 10000
17622 10000
17623 10000
17624 10000
17625 10000
17626 10000
17627 10000
17628 10000
17629 10000
17630 10000
17631 10000
17632 10000
17633 10000
17634 10000
17635 10000
17636 10000
17637 10000
17638 10000
17639 10000
17640 10000
17641 10000
17642 10000
17643 10000
17644 10000
17645 10000
17646 10000
17647 10000
17648 10000
17649 10000
17650 10000
17651 10000
17652 10000
17653 10000
17654 10000
17655 10000
17656 10000
17657 10000
17658 10000
17659 10000
17660 10000
17661 10000
17662 10000
17663 10000
17664 10000
17665 10000
17666 10000
17667 10000
17668 10000
17669 10000
17670 10000
17671 10000
17672 10000
17673 10000
17674 10000
17675 10000
17676 10000
17677 10000
17678 10000
17679 10000
17680 10000
17681 10000
17682 10000
17683 10000
17684 10000
17685 10000
17686 10000
17687 10000
17688 10000
17689 10000
17690 10000
17691 10000
17692 10000
17693 10000
17694 10000
17695 10000
17696 10000
17697 10000
17698 10000
17699 10000
17700 10000
17701 10000
17702 10000
17703 10000
17704 10000
17705 10000
17706 10000
17707 10000
17708 10000
17709 10000
17710 10000
17711 10000
17712 10000
17713 10000
17714 10000
17715 10000
17716 10000
17717 10000
17718 10000
17719 10000
17720 10000
17721 10000
17722 10000
17723 10000
17724 10000
17725 10000
17726 10000
17727 10000
17728 10000
17729 10000
17730 10000
17731 10000
17732 10000
17733 10000
17734 10000
17735 10000
17736 10000
17737 10000
17738 10000
17739 10000
17740 10000
17741 10000
17742 10000
17743 10000
17744 10000
17745 10000
17746 10000
17747 10000
17748 10000
17749 10000
17750 10000
17751 10000
17752 10000
17753 10000
17754 10000
17755 10000
17756 10000
17757 10000
17758 10000
17759 10000
17760 10000
17761 10000
17762 10000
17763 10000
17764 10000
17765 10000
17766 10000
17767 10000
17768 10000
17769 10000
17770 10000
17771 10000
17772 10000
17773 10000
17774 10000
17775 10000
17776 10000
17777 10000
17778 10000
17779 10000
17780 10000
17781 10000
17782 10000
17783 10000
17784 10000
17785 10000
17786 10000
17787 10000
17788 10000
17789 10000
17790 10000
17791 10000
17792 10000
17793 10000
17794 10000
17795 10000
17796 10000
17797 10000
17798 10000
17799 10000
17800 10000
17801 10000
17802 10000
17803 10000
17804 10000
17805 10000
17806 10000
17807 10000
17808 10000
17809 10000
17810 10000
17811 10000
17812 10000
17813 10000
17814 10000
17815 10000
17816 10000
17817 10000
17818 10000
17819 10000
17820 10000
17821 10000
17822 10000
17823 10000
17824 10000
17825 10000
17826 10000
17827 10000
17828 10000
17829 10000
17830 10000
17831 10000
17832 10000
17833 10000
17834 10000
17835 10000
17836 10000
17837 10000
17838 10000
17839 10000
17840 10000
17841 10000
17842 10000
17843 10000
17844 10000
17845 10000
17846 10000
17847 10000
17848 10000
17849 10000
17850 10000
17851 10000
17852 10000
17853 10000
17854 10000
17855 10000
17856 10000
17857 10000
17858 10000
17859 10000
17860 10000
17861 10000
17862 10000
17863 10000
17864 10000
17865 10000
17866 10000
17867 10000
17868 10000
17869 10000
17870 10000
17871 10000
17872 10000
17873 10000
17874 10000
17875 10000
17876 10000
17877 10000
17878 10000
17879 10000
17880 10000
17881 10000
17882 10000
17883 10000
17884 10000
17885 10000
17886 10000
17887 10000
17888 10000
17889 10000
17890 10000
17891 10000
17892 10000
17893 10000
17894 10000
17895 10000
17896 10000
17897 10000
17898 10000
17899 10000
17900 10000
17901 10000
17902 10000
17903 10000
17904 10000
17905 10000
17906 10000
17907 10000
17908 10000
17909 10000
17910 10000
17911 10000
17912 10000
17913 10000
17914 10000
17915 10000
17916 10000
17917 10000
17918 10000
17919 10000
17920 10000
17921 10000
17922 10000
17923 10000
17924 10000
17925 10000
17926 10000
17927 10000
17928 10000
17929 10000
17930 10000
17931 10000
17932 10000
17933 10000
17934 10000
17935 10000
17936 10000
17937 10000
17938 10000
17939 10000
17940 10000
17941 10000
17942 10000
17943 10000
17944 10000
17945 10000
17946 10000
17947 10000
17948 10000
17949 10000
17950 10000
17951 10000
17952 10000
17953 10000
17954 10000
17955 10000
17956 10000
17957 10000
17958 10000
17959 10000
17960 10000
17961 10000
17962 10000
17963 10000
17964 10000
17965 10000
17966 10000
17967 10000
17968 10000
17969 10000
17970 10000
17971 10000
17972 10000
17973 10000
17974 10000
17975 10000
17976 10000
17977 10000
17978 10000
17979 10000
17980 10000
17981 10000
17982 10000
17983 10000
17984 10000
17985 10000
17986 10000
17987 10000
17988 10000
17989 10000
17990 10000
17991 10000
17992 10000
17993 10000
17994 10000
17995 10000
17996 10000
17997 10000
17998 10000
17999 10000
18000 10000
18001 10000
18002 10000
18003 10000
18004 10000
18005 10000
18006 10000
18007 10000
18008 10000
18009 10000
18010 10000
18011 10000
18012 10000
18013 10000
18014 10000
18015 10000
18016 10000
18017 10000
18018 10000
18019 10000
18020 10000
18021 10000
18022 10000
18023 10000
18024 10000
18025 10000
18026 10000
18027 10000
18028 10000
18029 10000
18030 10000
18031 10000
18032 10000
18033 10000
18034 10000
18035 10000
18036 10000
18037 10000
18038 10000
18039 10000
18040 10000
18041 10000
18042 10000
18043 10000
18044 10000
18045 10000
18046 10000
18047 10000
18048 10000
18049 10000
18050 10000
18051 10000
18052 10000
18053 10000
18054 10000
18055 10000
18056 10000
18057 10000
18058 10000
18059 10000
18060 10000
18061 10000
18062 10000
18063 10000
18064 10000
18065 10000
18066 10000
18067 10000
18068 10000
18069 10000
18070 10000
18071 10000
18072 10000
18073 10000
18074 10000
18075 10000
18076 10000
18077 10000
18078 10000
18079 10000
18080 10000
18081 10000
18082 10000
18083 10000
18084 10000
18085 10000
18086 10000
18087 10000
18088 10000
18089 10000
18090 10000
18091 10000
18092 10000
18093 10000
18094 10000
18095 10000
18096 10000
18097 10000
18098 10000
18099 10000
18100 10000
18101 10000
18102 10000
18103 10000
18104 10000
18105 10000
18106 10000
18107 10000
18108 10000
18109 10000
18110 10000
18111 10000
18112 10000
18113 10000
18114 10000
18115 10000
18116 10000
18117 10000
18118 10000
18119 10000
18120 10000
18121 10000
18122 10000
18123 10000
18124 10000
18125 10000
18126 10000
18127 10000
18128 10000
18129 10000
18130 10000
18131 10000
18132 10000
18133 10000
18134 10000
18135 10000
18136 10000
18137 10000
18138 10000
18139 10000
18140 10000
18141 10000
18142 10000
18143 10000
18144 10000
18145 10000
18146 10000
18147 10000
18148 10000
18149 10000
18150 10000
18151 10000
18152 10000
18153 10000
18154 10000
18155 10000
18156 10000
18157 10000
18158 10000
18159 10000
18160 10000
18161 10000
18162 10000
18163 10000
18164 10000
18165 10000
18166 10000
18167 10000
18168 10000
18169 10000
18170 10000
18171 10000
18172 10000
18173 10000
18174 10000
18175 10000
18176 10000
18177 10000
18178 10000
18179 10000
18180 10000
18181 10000
18182 10000
18183 10000
18184 10000
18185 10000
18186 10000
18187 10000
18188 10000
18189 10000
18190 10000
18191 10000
18192 10000
18193 10000
18194 10000
18195 10000
18196 10000
18197 10000
18198 10000
18199 10000
18200 10000
18201 10000
18202 10000
18203 10000
18204 10000
18205 10000
18206 10000
18207 10000
18208 10000
18209 10000
18210 10000
18211 10000
18212 10000
18213 10000
18214 10000
18215 10000
18216 10000
18217 10000
18218 10000
18219 10000
18220 10000
18221 10000
18222 10000
18223 10000
18224 10000
18225 10000
18226 10000
18227 10000
18228 10000
18229 10000
18230 10000
18231 10000
18232 10000
18233 10000
18234 10000
18235 10000
18236 10000
18237 10000
18238 10000
18239 10000
18240 10000
18241 10000
18242 10000
18243 10000
18244 10000
18245 10000
18246 10000
18247 10000
18248 10000
18249 10000
18250 10000
18251 10000
18252 10000
18253 10000
18254 10000
18255 10000
18256 10000
18257 10000
18258 10000
18259 10000
18260 10000
18261 10000
18262 10000
18263 10000
18264 10000
18265 10000
18266 10000
18267 10000
18268 10000
18269 10000
18270 10000
18271 10000
18272 10000
18273 10000
18274 10000
18275 10000
18276 10000
18277 10000
18278 10000
18279 10000
18280 10000
18281 10000
18282 10000
18283 10000
18284 10000
18285 10000
18286 10000
18287 10000
18288 10000
18289 10000
18290 10000
18291 10000
18292 10000
18293 10000
18294 10000
18295 10000
18296 10000
18297 10000
18298 10000
18299 10000
18300 10000
18301 10000
18302 10000
18303 10000
18304 10000
18305 10000
18306 10000
18307 10000
18308 10000
18309 10000
18310 10000
18311 10000
18312 10000
18313 10000
18314 10000
18315 10000
18316 10000
18317 10000
18318 10000
18319 10000
18320 10000
18321 10000
18322 10000
18323 10000
18324 10000
18325 10000
18326 10000
18327 10000
18328 10000
18329 10000
18330 10000
18331 10000
18332 10000
18333 10000
18334 10000
18335 10000
18336 10000
18337 10000
18338 10000
18339 10000
18340 10000
18341 10000
18342 10000
18343 10000
18344 10000
18345 10000
18346 10000
18347 10000
18348 10000
18349 10000
18350 10000
18351 10000
18352 10000
18353 10000
18354 10000
18355 10000
18356 10000
18357 10000
18358 10000
18359 10000
18360 10000
18361 10000
18362 10000
18363 10000
18364 10000
18365 10000
18366 10000
18367 10000
18368 10000
18369 10000
18370 10000
18371 10000
18372 10000
18373 10000
18374 10000
18375 10000
18376 10000
18377 10000
18378 10000
18379 10000
18380 10000
18381 10000
18382 10000
18383 10000
18384 10000
18385 10000
18386 10000
18387 10000
18388 10000
18389 10000
18390 10000
18391 10000
18392 10000
18393 10000
18394 10000
18395 10000
18396 10000
18397 10000
18398 10000
18399 10000
18400 10000
18401 10000
18402 10000
18403 10000
18404 10000
18405 10000
18406 10000
18407 10000
18408 10000
18409 10000
18410 10000
18411 10000
18412 10000
18413 10000
18414 10000
18415 10000
18416 10000
18417 10000
18418 10000
18419 10000
18420 10000
18421 10000
18422 10000
18423 10000
18424 10000
18425 10000
18426 10000
18427 10000
18428 10000
18429 10000
18430 10000
18431 10000
18432 10000
18433 10000
18434 10000
18435 10000
18436 10000
18437 10000
18438 10000
18439 10000
18440 10000
18441 10000
18442 10000
18443 10000
18444 10000
18445 10000
18446 10000
18447 10000
18448 10000
18449 10000
18450 10000
18451 10000
18452 10000
18453 10000
18454 10000
18455 10000
18456 10000
18457 10000
18458 10000
18459 10000
18460 10000
18461 10000
18462 10000
18463 10000
18464 10000
18465 10000
18466 10000
18467 10000
18468 10000
18469 10000
18470 10000
18471 10000
18472 10000
18473 10000
18474 10000
18475 10000
18476 10000
18477 10000
18478 10000
18479 10000
18480 10000
18481 10000
18482 10000
18483 10000
18484 10000
18485 10000
18486 10000
18487 10000
18488 10000
18489 10000
18490 10000
18491 10000
18492 10000
18493 10000
18494 10000
18495 10000
18496 10000
18497 10000
18498 10000
18499 10000
18500 10000
18501 10000
18502 10000
18503 10000
18504 10000
18505 10000
18506 10000
18507 10000
18508 10000
18509 10000
18510 10000
18511 10000
18512 10000
18513 10000
18514 10000
18515 10000
18516 10000
18517 10000
18518 10000
18519 10000
18520 10000
18521 10000
18522 10000
18523 10000
18524 10000
18525 10000
18526 10000
18527 10000
18528 10000
18529 10000
18530 10000
18531 10000
18532 10000
18533 10000
18534 10000
18535 10000
18536 10000
18537 10000
18538 10000
18539 10000
18540 10000
18541 10000
18542 10000
18543 10000
18544 10000
18545 10000
18546 10000
18547 10000
18548 10000
18549 10000
18550 10000
18551 10000
18552 10000
18553 10000
18554 10000
18555 10000
18556 10000
18557 10000
18558 10000
18559 10000
18560 10000
18561 10000
18562 10000
18563 10000
18564 10000
18565 10000
18566 10000
18567 10000
18568 10000
18569 10000
18570 10000
18571 10000
18572 10000
18573 10000
18574 10000
18575 10000
18576 10000
18577 10000
18578 10000
18579 10000
18580 10000
18581 10000
18582 10000
18583 10000
18584 10000
18585 10000
18586 10000
18587 10000
18588 10000
18589 10000
18590 10000
18591 10000
18592 10000
18593 10000
18594 10000
18595 10000
18596 10000
18597 10000
18598 10000
18599 10000
18600 10000
18601 10000
18602 10000
18603 10000
18604 10000
18605 10000
18606 10000
18607 10000
18608 10000
18609 10000
18610 10000
18611 10000
18612 10000
18613 10000
18614 10000
18615 10000
18616 10000
18617 10000
18618 10000
18619 10000
18620 10000
18621 10000
18622 10000
18623 10000
18624 10000
18625 10000
18626 10000
18627 10000
18628 10000
18629 10000
18630 10000
18631 10000
18632 10000
18633 10000
18634 10000
18635 10000
18636 10000
18637 10000
18638 10000
18639 10000
18640 10000
18641 10000
18642 10000
18643 10000
18644 10000
18645 10000
18646 10000
18647 10000
18648 10000
18649 10000
18650 10000
18651 10000
18652 10000
18653 10000
18654 10000
18655 10000
18656 10000
18657 10000
18658 10000
18659 10000
18660 10000
18661 10000
18662 10000
18663 10000
18664 10000
18665 10000
18666 10000
18667 10000
18668 10000
18669 10000
18670 10000
18671 10000
18672 10000
18673 10000
18674 10000
18675 10000
18676 10000
18677 10000
18678 10000
18679 10000
18680 10000
18681 10000
18682 10000
18683 10000
18684 10000
18685 10000
18686 10000
18687 10000
18688 10000
18689 10000
18690 10000
18691 10000
18692 10000
18693 10000
18694 10000
18695 10000
18696 10000
18697 10000
18698 10000
18699 10000
18700 10000
18701 10000
18702 10000
18703 10000
18704 10000
18705 10000
18706 10000
18707 10000
18708 10000
18709 10000
18710 10000
18711 10000
18712 10000
18713 10000
18714 10000
18715 10000
18716 10000
18717 10000
18718 10000
18719 10000
18720 10000
18721 10000
18722 10000
18723 10000
18724 10000
18725 10000
18726 10000
18727 10000
18728 10000
18729 10000
18730 10000
18731 10000
18732 10000
18733 10000
18734 10000
18735 10000
18736 10000
18737 10000
18738 10000
18739 10000
18740 10000
18741 10000
18742 10000
18743 10000
18744 10000
18745 10000
18746 10000
18747 10000
18748 10000
18749 10000
18750 10000
18751 10000
18752 10000
18753 10000
18754 10000
18755 10000
18756 10000
18757 10000
18758 10000
18759 10000
18760 10000
18761 10000
18762 10000
18763 10000
18764 10000
18765 10000
18766 10000
18767 10000
18768 10000
18769 10000
18770 10000
18771 10000
18772 10000
18773 10000
18774 10000
18775 10000
18776 10000
18777 10000
18778 10000
18779 10000
18780 10000
18781 10000
18782 10000
18783 10000
18784 10000
18785 10000
18786 10000
18787 10000
18788 10000
18789 10000
18790 10000
18791 10000
18792 10000
18793 10000
18794 10000
18795 10000
18796 10000
18797 10000
18798 10000
18799 10000
18800 10000
18801 10000
18802 10000
18803 10000
18804 10000
18805 10000
18806 10000
18807 10000
18808 10000
18809 10000
18810 10000
18811 10000
18812 10000
18813 10000
18814 10000
18815 10000
18816 10000
18817 10000
18818 10000
18819 10000
18820 10000
18821 10000
18822 10000
18823 10000
18824 10000
18825 10000
18826 10000
18827 10000
18828 10000
18829 10000
18830 10000
18831 10000
18832 10000
18833 10000
18834 10000
18835 10000
18836 10000
18837 10000
18838 10000
18839 10000
18840 10000
18841 10000
18842 10000
18843 10000
18844 10000
18845 10000
18846 10000
18847 10000
18848 10000
18849 10000
18850 10000
18851 10000
18852 10000
18853 10000
18854 10000
18855 10000
18856 10000
18857 10000
18858 10000
18859 10000
18860 10000
18861 10000
18862 10000
18863 10000
18864 10000
18865 10000
18866 10000
18867 10000
18868 10000
18869 10000
18870 10000
18871 10000
18872 10000
18873 10000
18874 10000
18875 10000
18876 10000
18877 10000
18878 10000
18879 10000
18880 10000
18881 10000
18882 10000
18883 10000
18884 10000
18885 10000
18886 10000
18887 10000
18888 10000
18889 10000
18890 10000
18891 10000
18892 10000
18893 10000
18894 10000
18895 10000
18896 10000
18897 10000
18898 10000
18899 10000
18900 10000
18901 10000
18902 10000
18903 10000
18904 10000
18905 10000
18906 10000
18907 10000
18908 10000
18909 10000
18910 10000
18911 10000
18912 10000
18913 10000
18914 10000
18915 10000
18916 10000
18917 10000
18918 10000
18919 10000
18920 10000
18921 10000
18922 10000
18923 10000
18924 10000
18925 10000
18926 10000
18927 10000
18928 10000
18929 10000
18930 10000
18931 10000
18932 10000
18933 10000
18934 10000
18935 10000
18936 10000
18937 10000
18938 10000
18939 10000
18940 10000
18941 10000
18942 10000
18943 10000
18944 10000
18945 10000
18946 10000
18947 10000
18948 10000
18949 10000
18950 10000
18951 10000
18952 10000
18953 10000
18954 10000
18955 10000
18956 10000
18957 10000
18958 10000
18959 10000
18960 10000
18961 10000
18962 10000
18963 10000
18964 10000
18965 10000
18966 10000
18967 10000
18968 10000
18969 10000
18970 10000
18971 10000
18972 10000
18973 10000
18974 10000
18975 10000
18976 10000
18977 10000
18978 10000
18979 10000
18980 10000
18981 10000
18982 10000
18983 10000
18984 10000
18985 10000
18986 10000
18987 10000
18988 10000
18989 10000
18990 10000
18991 10000
18992 10000
18993 10000
18994 10000
18995 10000
18996 10000
18997 10000
18998 10000
18999 10000
19000 10000
19001 10000
19002 10000
19003 10000
19004 10000
19005 10000
19006 10000
19007 10000
19008 10000
19009 10000
19010 10000
19011 10000
19012 10000
19013 10000
19014 10000
19015 10000
19016 10000
19017 10000
19018 10000
19019 10000
19020 10000
19021 10000
19022 10000
19023 10000
19024 10000
19025 10000
19026 10000
19027 10000
19028 10000
19029 10000
19030 10000
19031 10000
19032 10000
19033 10000
19034 10000
19035 10000
19036 10000
19037 10000
19038 10000
19039 10000
19040 10000
19041 10000
19042 10000
19043 10000
19044 10000
19045 10000
19046 10000
19047 10000
19048 10000
19049 10000
19050 10000
19051 10000
19052 10000
19053 10000
19054 10000
19055 10000
19056 10000
19057 10000
19058 10000
19059 10000
19060 10000
19061 10000
19062 10000
19063 10000
19064 10000
19065 10000
19066 10000
19067 10000
19068 10000
19069 10000
19070 10000
19071 10000
19072 10000
19073 10000
19074 10000
19075 10000
19076 10000
19077 10000
19078 10000
19079 10000
19080 10000
19081 10000
19082 10000
19083 10000
19084 10000
19085 10000
19086 10000
19087 10000
19088 10000
19089 10000
19090 10000
19091 10000
19092 10000
19093 10000
19094 10000
19095 10000
19096 10000
19097 10000
19098 10000
19099 10000
19100 10000
19101 10000
19102 10000
19103 10000
19104 10000
19105 10000
19106 10000
19107 10000
19108 10000
19109 10000
19110 10000
19111 10000
19112 10000
19113 10000
19114 10000
19115 10000
19116 10000
19117 10000
19118 10000
19119 10000
19120 10000
19121 10000
19122 10000
19123 10000
19124 10000
19125 10000
19126 10000
19127 10000
19128 10000
19129 10000
19130 10000
19131 10000
19132 10000
19133 10000
19134 10000
19135 10000
19136 10000
19137 10000
19138 10000
19139 10000
19140 10000
19141 10000
19142 10000
19143 10000
19144 10000
19145 10000
19146 10000
19147 10000
19148 10000
19149 10000
19150 10000
19151 10000
19152 10000
19153 10000
19154 10000
19155 10000
19156 10000
19157 10000
19158 10000
19159 10000
19160 10000
19161 10000
19162 10000
19163 10000
19164 10000
19165 10000
19166 10000
19167 10000
19168 10000
19169 10000
19170 10000
19171 10000
19172 10000
19173 10000
19174 10000
19175 10000
19176 10000
19177 10000
19178 10000
19179 10000
19180 10000
19181 10000
19182 10000
19183 10000
19184 10000
19185 10000
19186 10000
19187 10000
19188 10000
19189 10000
19190 10000
19191 10000
19192 10000
19193 10000
19194 10000
19195 10000
19196 10000
19197 10000
19198 10000
19199 10000
19200 10000
19201 10000
19202 10000
19203 10000
19204 10000
19205 10000
19206 10000
19207 10000
19208 10000
19209 10000
19210 10000
19211 10000
19212 10000
19213 10000
19214 10000
19215 10000
19216 10000
19217 10000
19218 10000
19219 10000
19220 10000
19221 10000
19222 10000
19223 10000
19224 10000
19225 10000
19226 10000
19227 10000
19228 10000
19229 10000
19230 10000
19231 10000
19232 10000
19233 10000
19234 10000
19235 10000
19236 10000
19237 10000
19238 10000
19239 10000
19240 10000
19241 10000
19242 10000
19243 10000
19244 10000
19245 10000
19246 10000
19247 10000
19248 10000
19249 10000
19250 10000
19251 10000
19252 10000
19253 10000
19254 10000
19255 10000
19256 10000
19257 10000
19258 10000
19259 10000
19260 10000
19261 10000
19262 10000
19263 10000
19264 10000
19265 10000
19266 10000
19267 10000
19268 10000
19269 10000
19270 10000
19271 10000
19272 10000
19273 10000
19274 10000
19275 10000
19276 10000
19277 10000
19278 10000
19279 10000
19280 10000
19281 10000
19282 10000
19283 10000
19284 10000
19285 10000
19286 10000
19287 10000
19288 10000
19289 10000
19290 10000
19291 10000
19292 10000
19293 10000
19294 10000
19295 10000
19296 10000
19297 10000
19298 10000
19299 10000
19300 10000
19301 10000
19302 10000
19303 10000
19304 10000
19305 10000
19306 10000
19307 10000
19308 10000
19309 10000
19310 10000
19311 10000
19312 10000
19313 10000
19314 10000
19315 10000
19316 10000
19317 10000
19318 10000
19319 10000
19320 10000
19321 10000
19322 10000
19323 10000
19324 10000
19325 10000
19326 10000
19327 10000
19328 10000
19329 10000
19330 10000
19331 10000
19332 10000
19333 10000
19334 10000
19335 10000
19336 10000
19337 10000
19338 10000
19339 10000
19340 10000
19341 10000
19342 10000
19343 10000
19344 10000
19345 10000
19346 10000
19347 10000
19348 10000
19349 10000
19350 10000
19351 10000
19352 10000
19353 10000
19354 10000
19355 10000
19356 10000
19357 10000
19358 10000
19359 10000
19360 10000
19361 10000
19362 10000
19363 10000
19364 10000
19365 10000
19366 10000
19367 10000
19368 10000
19369 10000
19370 10000
19371 10000
19372 10000
19373 10000
19374 10000
19375 10000
19376 10000
19377 10000
19378 10000
19379 10000
19380 10000
19381 10000
19382 10000
19383 10000
19384 10000
19385 10000
19386 10000
19387 10000
19388 10000
19389 10000
19390 10000
19391 10000
19392 10000
19393 10000
19394 10000
19395 10000
19396 10000
19397 10000
19398 10000
19399 10000
19400 10000
19401 10000
19402 10000
19403 10000
19404 10000
19405 10000
19406 10000
19407 10000
19408 10000
19409 10000
19410 10000
19411 10000
19412 10000
19413 10000
19414 10000
19415 10000
19416 10000
19417 10000
19418 10000
19419 10000
19420 10000
19421 10000
19422 10000
19423 10000
19424 10000
19425 10000
19426 10000
19427 10000
19428 10000
19429 10000
19430 10000
19431 10000
19432 10000
19433 10000
19434 10000
19435 10000
19436 10000
19437 10000
19438 10000
19439 10000
19440 10000
19441 10000
19442 10000
19443 10000
19444 10000
19445 10000
19446 10000
19447 10000
19448 10000
19449 10000
19450 10000
19451 10000
19452 10000
19453 10000
19454 10000
19455 10000
19456 10000
19457 10000
19458 10000
19459 10000
19460 10000
19461 10000
19462 10000
19463 10000
19464 10000
19465 10000
19466 10000
19467 10000
19468 10000
19469 10000
19470 10000
19471 10000
19472 10000
19473 10000
19474 10000
19475 10000
19476 10000
19477 10000
19478 10000
19479 10000
19480 10000
19481 10000
19482 10000
19483 10000
19484 10000
19485 10000
19486 10000
19487 10000
19488 10000
19489 10000
19490 10000
19491 10000
19492 10000
19493 10000
19494 10000
19495 10000
19496 10000
19497 10000
19498 10000
19499 10000
19500 10000
19501 10000
19502 10000
19503 10000
19504 10000
19505 10000
19506 10000
19507 10000
19508 10000
19509 10000
19510 10000
19511 10000
19512 10000
19513 10000
19514 10000
19515 10000
19516 10000
19517 10000
19518 10000
19519 10000
19520 10000
19521 10000
19522 10000
19523 10000
19524 10000
19525 10000
19526 10000
19527 10000
19528 10000
19529 10000
19530 10000
19531 10000
19532 10000
19533 10000
19534 10000
19535 10000
19536 10000
19537 10000
19538 10000
19539 10000
19540 10000
19541 10000
19542 10000
19543 10000
19544 10000
19545 10000
19546 10000
19547 10000
19548 10000
19549 10000
19550 10000
19551 10000
19552 10000
19553 10000
19554 10000
19555 10000
19556 10000
19557 10000
19558 10000
19559 10000
19560 10000
19561 10000
19562 10000
19563 10000
19564 10000
19565 10000
19566 10000
19567 10000
19568 10000
19569 10000
19570 10000
19571 10000
19572 10000
19573 10000
19574 10000
19575 10000
19576 10000
19577 10000
19578 10000
19579 10000
19580 10000
19581 10000
19582 10000
19583 10000
19584 10000
19585 10000
19586 10000
19587 10000
19588 10000
19589 10000
19590 10000
19591 10000
19592 10000
19593 10000
19594 10000
19595 10000
19596 10000
19597 10000
19598 10000
19599 10000
19600 10000
19601 10000
19602 10000
19603 10000
19604 10000
19605 10000
19606 10000
19607 10000
19608 10000
19609 10000
19610 10000
19611 10000
19612 10000
19613 10000
19614 10000
19615 10000
19616 10000
19617 10000
19618 10000
19619 10000
19620 10000
19621 10000
19622 10000
19623 10000
19624 10000
19625 10000
19626 10000
19627 10000
19628 10000
19629 10000
19630 10000
19631 10000
19632 10000
19633 10000
19634 10000
19635 10000
19636 10000
19637 10000
19638 10000
19639 10000
19640 10000
19641 10000
19642 10000
19643 10000
19644 10000
19645 10000
19646 10000
19647 10000
19648 10000
19649 10000
19650 10000
19651 10000
19652 10000
19653 10000
19654 10000
19655 10000
19656 10000
19657 10000
19658 10000
19659 10000
19660 10000
19661 10000
19662 10000
19663 10000
19664 10000
19665 10000
19666 10000
19667 10000
19668 10000
19669 10000
19670 10000
19671 10000
19672 10000
19673 10000
19674 10000
19675 10000
19676 10000
19677 10000
19678 10000
19679 10000
19680 10000
19681 10000
19682 10000
19683 10000
19684 10000
19685 10000
19686 10000
19687 10000
19688 10000
19689 10000
19690 10000
19691 10000
19692 10000
19693 10000
19694 10000
19695 10000
19696 10000
19697 10000
19698 10000
19699 10000
19700 10000
19701 10000
19702 10000
19703 10000
19704 10000
19705 10000
19706 10000
19707 10000
19708 10000
19709 10000
19710 10000
19711 10000
19712 10000
19713 10000
19714 10000
19715 10000
19716 10000
19717 10000
19718 10000
19719 10000
19720 10000
19721 10000
19722 10000
19723 10000
19724 10000
19725 10000
19726 10000
19727 10000
19728 10000
19729 10000
19730 10000
19731 10000
19732 10000
19733 10000
19734 10000
19735 10000
19736 10000
19737 10000
19738 10000
19739 10000
19740 10000
19741 10000
19742 10000
19743 10000
19744 10000
19745 10000
